nodeID,networkCanvasEgoUUID_x,networkCanvasUUID,name,user_layout_x,user_layout_y,user_layout_screenSpaceX,user_layout_screenSpaceY,session_id,networkCanvasEgoUUID_y,networkCanvasCaseID,networkCanvasSessionID,networkCanvasProtocolName,sessionStart,sessionFinish,sessionExported,APP_VERSION,COMMIT_HASH,secret_word,in_gcc
1,7be8425e-a3ba-4d37-a9c9-14ea20de21cb,ZuysvCGddv,AI,0.677438822002957,0.6396160558464223,1300.68,389.21,cmh1ulurw000lsa2750fqbpip,7be8425e-a3ba-4d37-a9c9-14ea20de21cb,Anonymous Participant,cmh1ulurw000lsa2750fqbpip,FSDS_ConceptMap_v01.netcanvas,2025-10-22T10:26:24.140Z,2025-10-22T10:30:47.190Z,2025-10-24T12:37:16.921Z,v3.0.0,Unknown commit hash,falafel,1.0
2,7be8425e-a3ba-4d37-a9c9-14ea20de21cb,zfLP4gy4BA,analysis,0.5519145469358196,0.3816587717111277,1059.68,667.81,cmh1ulurw000lsa2750fqbpip,7be8425e-a3ba-4d37-a9c9-14ea20de21cb,Anonymous Participant,cmh1ulurw000lsa2750fqbpip,FSDS_ConceptMap_v01.netcanvas,2025-10-22T10:26:24.140Z,2025-10-22T10:30:47.190Z,2025-10-24T12:37:16.921Z,v3.0.0,Unknown commit hash,falafel,1.0
3,7be8425e-a3ba-4d37-a9c9-14ea20de21cb,kojNKla2jv,context,0.4814278386288887,0.731363749688357,924.34,290.13,cmh1ulurw000lsa2750fqbpip,7be8425e-a3ba-4d37-a9c9-14ea20de21cb,Anonymous Participant,cmh1ulurw000lsa2750fqbpip,FSDS_ConceptMap_v01.netcanvas,2025-10-22T10:26:24.140Z,2025-10-22T10:30:47.190Z,2025-10-24T12:37:16.921Z,v3.0.0,Unknown commit hash,falafel,1.0
4,7be8425e-a3ba-4d37-a9c9-14ea20de21cb,RtJiUdZJi6,empirical data,0.4814278386288887,0.489362586221225,924.34,551.49,cmh1ulurw000lsa2750fqbpip,7be8425e-a3ba-4d37-a9c9-14ea20de21cb,Anonymous Participant,cmh1ulurw000lsa2750fqbpip,FSDS_ConceptMap_v01.netcanvas,2025-10-22T10:26:24.140Z,2025-10-22T10:30:47.190Z,2025-10-24T12:37:16.921Z,v3.0.0,Unknown commit hash,falafel,1.0
5,7be8425e-a3ba-4d37-a9c9-14ea20de21cb,KaMS6JqOHq,ethics,0.6030898283093449,0.5159561206681625,1157.93,522.77,cmh1ulurw000lsa2750fqbpip,7be8425e-a3ba-4d37-a9c9-14ea20de21cb,Anonymous Participant,cmh1ulurw000lsa2750fqbpip,FSDS_ConceptMap_v01.netcanvas,2025-10-22T10:26:24.140Z,2025-10-22T10:30:47.190Z,2025-10-24T12:37:16.921Z,v3.0.0,Unknown commit hash,falafel,1.0
6,7be8425e-a3ba-4d37-a9c9-14ea20de21cb,acTsAWfdzn,optimisation,0.5857095440692798,0.1888556469708302,1124.56,876.04,cmh1ulurw000lsa2750fqbpip,7be8425e-a3ba-4d37-a9c9-14ea20de21cb,Anonymous Participant,cmh1ulurw000lsa2750fqbpip,FSDS_ConceptMap_v01.netcanvas,2025-10-22T10:26:24.140Z,2025-10-22T10:30:47.190Z,2025-10-24T12:37:16.921Z,v3.0.0,Unknown commit hash,falafel,1.0
7,7be8425e-a3ba-4d37-a9c9-14ea20de21cb,FGwAQx51J8,personal,0.4090099876286171,0.5611651292279565,785.3,473.94,cmh1ulurw000lsa2750fqbpip,7be8425e-a3ba-4d37-a9c9-14ea20de21cb,Anonymous Participant,cmh1ulurw000lsa2750fqbpip,FSDS_ConceptMap_v01.netcanvas,2025-10-22T10:26:24.140Z,2025-10-22T10:30:47.190Z,2025-10-24T12:37:16.921Z,v3.0.0,Unknown commit hash,falafel,1.0
8,7be8425e-a3ba-4d37-a9c9-14ea20de21cb,uBiRoP3A3s,progress,0.7276485320298121,0.5093077370564282,1397.09,529.95,cmh1ulurw000lsa2750fqbpip,7be8425e-a3ba-4d37-a9c9-14ea20de21cb,Anonymous Participant,cmh1ulurw000lsa2750fqbpip,FSDS_ConceptMap_v01.netcanvas,2025-10-22T10:26:24.140Z,2025-10-22T10:30:47.190Z,2025-10-24T12:37:16.921Z,v3.0.0,Unknown commit hash,falafel,1.0
9,7be8425e-a3ba-4d37-a9c9-14ea20de21cb,ndsons1JEx,social networks,0.2680365710147551,0.5545167456162221,514.63,481.12,cmh1ulurw000lsa2750fqbpip,7be8425e-a3ba-4d37-a9c9-14ea20de21cb,Anonymous Participant,cmh1ulurw000lsa2750fqbpip,FSDS_ConceptMap_v01.netcanvas,2025-10-22T10:26:24.140Z,2025-10-22T10:30:47.190Z,2025-10-24T12:37:16.921Z,v3.0.0,Unknown commit hash,falafel,1.0
10,7be8425e-a3ba-4d37-a9c9-14ea20de21cb,QUTNIZIDgY,change,0.6648863944962433,0.3577245907088839,1276.58,693.66,cmh1ulurw000lsa2750fqbpip,7be8425e-a3ba-4d37-a9c9-14ea20de21cb,Anonymous Participant,cmh1ulurw000lsa2750fqbpip,FSDS_ConceptMap_v01.netcanvas,2025-10-22T10:26:24.140Z,2025-10-22T10:30:47.190Z,2025-10-24T12:37:16.921Z,v3.0.0,Unknown commit hash,falafel,1.0
1,7be8425e-a3ba-4d37-a9c9-14ea20de21cb,ZuysvCGddv,AI,0.3773240667011975,0.6699313349802564,724.46,356.47,cmh20p3iy0027sa27jqf9dcog,7be8425e-a3ba-4d37-a9c9-14ea20de21cb,Anonymous Participant,cmh20p3iy0027sa27jqf9dcog,FSDS_ConceptMap_v01.netcanvas,2025-10-22T13:16:53.146Z,2025-10-22T13:20:15.652Z,2025-10-24T12:36:28.565Z,v3.0.0,Unknown commit hash,marmite,1.0
2,7be8425e-a3ba-4d37-a9c9-14ea20de21cb,bihlMPLDwN,community,0.5336714262521937,0.593991324476259,1024.65,438.49,cmh20p3iy0027sa27jqf9dcog,7be8425e-a3ba-4d37-a9c9-14ea20de21cb,Anonymous Participant,cmh20p3iy0027sa27jqf9dcog,FSDS_ConceptMap_v01.netcanvas,2025-10-22T13:16:53.146Z,2025-10-22T13:20:15.652Z,2025-10-24T12:36:28.565Z,v3.0.0,Unknown commit hash,marmite,1.0
3,7be8425e-a3ba-4d37-a9c9-14ea20de21cb,fWLVVobTqz,culture,0.4258115389670127,0.5043572137174425,817.56,535.29,cmh20p3iy0027sa27jqf9dcog,7be8425e-a3ba-4d37-a9c9-14ea20de21cb,Anonymous Participant,cmh20p3iy0027sa27jqf9dcog,FSDS_ConceptMap_v01.netcanvas,2025-10-22T13:16:53.146Z,2025-10-22T13:20:15.652Z,2025-10-24T12:36:28.565Z,v3.0.0,Unknown commit hash,marmite,1.0
4,7be8425e-a3ba-4d37-a9c9-14ea20de21cb,IAg4KBbKRK,freedom,0.5851275192689771,0.4956427862825575,1123.44,544.71,cmh20p3iy0027sa27jqf9dcog,7be8425e-a3ba-4d37-a9c9-14ea20de21cb,Anonymous Participant,cmh20p3iy0027sa27jqf9dcog,FSDS_ConceptMap_v01.netcanvas,2025-10-22T13:16:53.146Z,2025-10-22T13:20:15.652Z,2025-10-24T12:36:28.565Z,v3.0.0,Unknown commit hash,marmite,1.0
5,7be8425e-a3ba-4d37-a9c9-14ea20de21cb,8JFsJYcFYb,identity,0.4416441829721769,0.5977260790912097,847.96,434.46,cmh20p3iy0027sa27jqf9dcog,7be8425e-a3ba-4d37-a9c9-14ea20de21cb,Anonymous Participant,cmh20p3iy0027sa27jqf9dcog,FSDS_ConceptMap_v01.netcanvas,2025-10-22T13:16:53.146Z,2025-10-22T13:20:15.652Z,2025-10-24T12:36:28.565Z,v3.0.0,Unknown commit hash,marmite,1.0
6,7be8425e-a3ba-4d37-a9c9-14ea20de21cb,FXe1ucLJSr,perspective,0.3456587786908692,0.534235250637048,663.66,503.03,cmh20p3iy0027sa27jqf9dcog,7be8425e-a3ba-4d37-a9c9-14ea20de21cb,Anonymous Participant,cmh20p3iy0027sa27jqf9dcog,FSDS_ConceptMap_v01.netcanvas,2025-10-22T13:16:53.146Z,2025-10-22T13:20:15.652Z,2025-10-24T12:36:28.565Z,v3.0.0,Unknown commit hash,marmite,1.0
7,7be8425e-a3ba-4d37-a9c9-14ea20de21cb,WTyHE68aut,social norms,0.2655060184147256,0.523030986792196,509.77,515.13,cmh20p3iy0027sa27jqf9dcog,7be8425e-a3ba-4d37-a9c9-14ea20de21cb,Anonymous Participant,cmh20p3iy0027sa27jqf9dcog,FSDS_ConceptMap_v01.netcanvas,2025-10-22T13:16:53.146Z,2025-10-22T13:20:15.652Z,2025-10-24T12:36:28.565Z,v3.0.0,Unknown commit hash,marmite,1.0
8,7be8425e-a3ba-4d37-a9c9-14ea20de21cb,m3bCphZ8J2,technology,0.3595123421953878,0.4097434301386917,690.26,637.48,cmh20p3iy0027sa27jqf9dcog,7be8425e-a3ba-4d37-a9c9-14ea20de21cb,Anonymous Participant,cmh20p3iy0027sa27jqf9dcog,FSDS_ConceptMap_v01.netcanvas,2025-10-22T13:16:53.146Z,2025-10-22T13:20:15.652Z,2025-10-24T12:36:28.565Z,v3.0.0,Unknown commit hash,marmite,1.0
9,7be8425e-a3ba-4d37-a9c9-14ea20de21cb,YfjJV5hkMD,truth,0.4851839539863784,0.3711509657842012,931.55,679.16,cmh20p3iy0027sa27jqf9dcog,7be8425e-a3ba-4d37-a9c9-14ea20de21cb,Anonymous Participant,cmh20p3iy0027sa27jqf9dcog,FSDS_ConceptMap_v01.netcanvas,2025-10-22T13:16:53.146Z,2025-10-22T13:20:15.652Z,2025-10-24T12:36:28.565Z,v3.0.0,Unknown commit hash,marmite,1.0
10,7be8425e-a3ba-4d37-a9c9-14ea20de21cb,ndsons1JEx,social networks,0.4277906194676583,0.3437627652745628,821.36,708.74,cmh20p3iy0027sa27jqf9dcog,7be8425e-a3ba-4d37-a9c9-14ea20de21cb,Anonymous Participant,cmh20p3iy0027sa27jqf9dcog,FSDS_ConceptMap_v01.netcanvas,2025-10-22T13:16:53.146Z,2025-10-22T13:20:15.652Z,2025-10-24T12:36:28.565Z,v3.0.0,Unknown commit hash,marmite,1.0
11,7be8425e-a3ba-4d37-a9c9-14ea20de21cb,WAhTMmxJoA,knowledge,0.5603890130109082,0.406008675523741,1075.95,641.51,cmh20p3iy0027sa27jqf9dcog,7be8425e-a3ba-4d37-a9c9-14ea20de21cb,Anonymous Participant,cmh20p3iy0027sa27jqf9dcog,FSDS_ConceptMap_v01.netcanvas,2025-10-22T13:16:53.146Z,2025-10-22T13:20:15.652Z,2025-10-24T12:36:28.565Z,v3.0.0,Unknown commit hash,marmite,1.0
12,7be8425e-a3ba-4d37-a9c9-14ea20de21cb,kojNKla2jv,context,0.2991503869256995,0.3213542375848587,574.37,732.94,cmh20p3iy0027sa27jqf9dcog,7be8425e-a3ba-4d37-a9c9-14ea20de21cb,Anonymous Participant,cmh20p3iy0027sa27jqf9dcog,FSDS_ConceptMap_v01.netcanvas,2025-10-22T13:16:53.146Z,2025-10-22T13:20:15.652Z,2025-10-24T12:36:28.565Z,v3.0.0,Unknown commit hash,marmite,1.0
1,7be8425e-a3ba-4d37-a9c9-14ea20de21cb,ZuysvCGddv,AI,0.5142272885485555,0.7510619530651563,987.32,268.85,cmh2gexi60035sa27kedegg6s,7be8425e-a3ba-4d37-a9c9-14ea20de21cb,Anonymous Participant,cmh2gexi60035sa27kedegg6s,FSDS_ConceptMap_v01.netcanvas,2025-10-22T20:36:52.638Z,2025-10-22T20:41:27.535Z,2025-10-24T12:35:48.004Z,v3.0.0,Unknown commit hash,porcupine,1.0
2,7be8425e-a3ba-4d37-a9c9-14ea20de21cb,zfLP4gy4BA,analysis,0.5877392969021928,0.3529282050091688,1128.46,698.84,cmh2gexi60035sa27kedegg6s,7be8425e-a3ba-4d37-a9c9-14ea20de21cb,Anonymous Participant,cmh2gexi60035sa27kedegg6s,FSDS_ConceptMap_v01.netcanvas,2025-10-22T20:36:52.638Z,2025-10-22T20:41:27.535Z,2025-10-24T12:35:48.004Z,v3.0.0,Unknown commit hash,porcupine,1.0
3,7be8425e-a3ba-4d37-a9c9-14ea20de21cb,KaMS6JqOHq,ethics,0.4462843717368604,0.6143891738817576,856.87,416.46,cmh2gexi60035sa27kedegg6s,7be8425e-a3ba-4d37-a9c9-14ea20de21cb,Anonymous Participant,cmh2gexi60035sa27kedegg6s,FSDS_ConceptMap_v01.netcanvas,2025-10-22T20:36:52.638Z,2025-10-22T20:41:27.535Z,2025-10-24T12:35:48.004Z,v3.0.0,Unknown commit hash,porcupine,1.0
4,7be8425e-a3ba-4d37-a9c9-14ea20de21cb,8lkG5LFSea,gender,0.3293334493560738,0.4212645946008681,632.32,625.03,cmh2gexi60035sa27kedegg6s,7be8425e-a3ba-4d37-a9c9-14ea20de21cb,Anonymous Participant,cmh2gexi60035sa27kedegg6s,FSDS_ConceptMap_v01.netcanvas,2025-10-22T20:36:52.638Z,2025-10-22T20:41:27.535Z,2025-10-24T12:35:48.004Z,v3.0.0,Unknown commit hash,porcupine,1.0
5,7be8425e-a3ba-4d37-a9c9-14ea20de21cb,jWW9gVNZ5Z,inequality,0.3983901844761573,0.4435481999025092,764.91,600.97,cmh2gexi60035sa27kedegg6s,7be8425e-a3ba-4d37-a9c9-14ea20de21cb,Anonymous Participant,cmh2gexi60035sa27kedegg6s,FSDS_ConceptMap_v01.netcanvas,2025-10-22T20:36:52.638Z,2025-10-22T20:41:27.535Z,2025-10-24T12:35:48.004Z,v3.0.0,Unknown commit hash,porcupine,1.0
6,7be8425e-a3ba-4d37-a9c9-14ea20de21cb,WTyHE68aut,social norms,0.3939349112426035,0.5460527842900582,756.36,490.26,cmh2gexi60035sa27kedegg6s,7be8425e-a3ba-4d37-a9c9-14ea20de21cb,Anonymous Participant,cmh2gexi60035sa27kedegg6s,FSDS_ConceptMap_v01.netcanvas,2025-10-22T20:36:52.638Z,2025-10-22T20:41:27.535Z,2025-10-24T12:35:48.004Z,v3.0.0,Unknown commit hash,porcupine,1.0
7,7be8425e-a3ba-4d37-a9c9-14ea20de21cb,uBiRoP3A3s,progress,0.4641054646710756,0.4985144263132239,891.08,541.6,cmh2gexi60035sa27kedegg6s,7be8425e-a3ba-4d37-a9c9-14ea20de21cb,Anonymous Participant,cmh2gexi60035sa27kedegg6s,FSDS_ConceptMap_v01.netcanvas,2025-10-22T20:36:52.638Z,2025-10-22T20:41:27.535Z,2025-10-24T12:35:48.004Z,v3.0.0,Unknown commit hash,porcupine,1.0
8,7be8425e-a3ba-4d37-a9c9-14ea20de21cb,Aq4q5O2VkA,race-ethnicity,0.3137399930386356,0.5282259000487454,602.38,509.52,cmh2gexi60035sa27kedegg6s,7be8425e-a3ba-4d37-a9c9-14ea20de21cb,Anonymous Participant,cmh2gexi60035sa27kedegg6s,FSDS_ConceptMap_v01.netcanvas,2025-10-22T20:36:52.638Z,2025-10-22T20:41:27.535Z,2025-10-24T12:35:48.004Z,v3.0.0,Unknown commit hash,porcupine,1.0
9,7be8425e-a3ba-4d37-a9c9-14ea20de21cb,m3bCphZ8J2,technology,0.5119996519317787,0.6500429423643834,983.04,377.95,cmh2gexi60035sa27kedegg6s,7be8425e-a3ba-4d37-a9c9-14ea20de21cb,Anonymous Participant,cmh2gexi60035sa27kedegg6s,FSDS_ConceptMap_v01.netcanvas,2025-10-22T20:36:52.638Z,2025-10-22T20:41:27.535Z,2025-10-24T12:35:48.004Z,v3.0.0,Unknown commit hash,porcupine,1.0
10,7be8425e-a3ba-4d37-a9c9-14ea20de21cb,YfjJV5hkMD,truth,0.5376174730247129,0.4435481999025092,1032.23,600.97,cmh2gexi60035sa27kedegg6s,7be8425e-a3ba-4d37-a9c9-14ea20de21cb,Anonymous Participant,cmh2gexi60035sa27kedegg6s,FSDS_ConceptMap_v01.netcanvas,2025-10-22T20:36:52.638Z,2025-10-22T20:41:27.535Z,2025-10-24T12:35:48.004Z,v3.0.0,Unknown commit hash,porcupine,1.0
11,7be8425e-a3ba-4d37-a9c9-14ea20de21cb,RtJiUdZJi6,empirical data,0.6211538461538462,0.4435481999025092,1192.62,600.97,cmh2gexi60035sa27kedegg6s,7be8425e-a3ba-4d37-a9c9-14ea20de21cb,Anonymous Participant,cmh2gexi60035sa27kedegg6s,FSDS_ConceptMap_v01.netcanvas,2025-10-22T20:36:52.638Z,2025-10-22T20:41:27.535Z,2025-10-24T12:35:48.004Z,v3.0.0,Unknown commit hash,porcupine,1.0
1,7be8425e-a3ba-4d37-a9c9-14ea20de21cb,ZuysvCGddv,AI,0.4940430324225001,0.4412115701540035,948.56,603.49,cmh20rd26002dsa27jo124g0a,7be8425e-a3ba-4d37-a9c9-14ea20de21cb,Anonymous Participant,cmh20rd26002dsa27jo124g0a,FSDS_ConceptMap_v01.netcanvas,2025-10-22T13:18:38.814Z,2025-10-22T13:21:10.341Z,2025-10-24T12:36:28.566Z,v3.0.0,Unknown commit hash,cats,1.0
2,7be8425e-a3ba-4d37-a9c9-14ea20de21cb,m3bCphZ8J2,technology,0.4970778258550175,0.5212252088424163,954.39,517.08,cmh20rd26002dsa27jo124g0a,7be8425e-a3ba-4d37-a9c9-14ea20de21cb,Anonymous Participant,cmh20rd26002dsa27jo124g0a,FSDS_ConceptMap_v01.netcanvas,2025-10-22T13:18:38.814Z,2025-10-22T13:21:10.341Z,2025-10-24T12:36:28.566Z,v3.0.0,Unknown commit hash,cats,1.0
3,7be8425e-a3ba-4d37-a9c9-14ea20de21cb,vXCsxVu5lG,privacy,0.6086064845000296,0.4399992422950882,1168.52,604.8,cmh20rd26002dsa27jo124g0a,7be8425e-a3ba-4d37-a9c9-14ea20de21cb,Anonymous Participant,cmh20rd26002dsa27jo124g0a,FSDS_ConceptMap_v01.netcanvas,2025-10-22T13:18:38.814Z,2025-10-22T13:21:10.341Z,2025-10-24T12:36:28.566Z,v3.0.0,Unknown commit hash,cats,1.0
4,7be8425e-a3ba-4d37-a9c9-14ea20de21cb,KaMS6JqOHq,ethics,0.3855491672100053,0.4812183894982099,740.25,560.28,cmh20rd26002dsa27jo124g0a,7be8425e-a3ba-4d37-a9c9-14ea20de21cb,Anonymous Participant,cmh20rd26002dsa27jo124g0a,FSDS_ConceptMap_v01.netcanvas,2025-10-22T13:18:38.814Z,2025-10-22T13:21:10.341Z,2025-10-24T12:36:28.566Z,v3.0.0,Unknown commit hash,cats,1.0
5,7be8425e-a3ba-4d37-a9c9-14ea20de21cb,RtJiUdZJi6,empirical data,0.4978365242131468,0.6618552404765964,955.85,365.2,cmh20rd26002dsa27jo124g0a,7be8425e-a3ba-4d37-a9c9-14ea20de21cb,Anonymous Participant,cmh20rd26002dsa27jo124g0a,FSDS_ConceptMap_v01.netcanvas,2025-10-22T13:18:38.814Z,2025-10-22T13:21:10.341Z,2025-10-24T12:36:28.566Z,v3.0.0,Unknown commit hash,cats,1.0
6,7be8425e-a3ba-4d37-a9c9-14ea20de21cb,zfLP4gy4BA,analysis,0.6010195009187362,0.6230607489913054,1153.96,407.09,cmh20rd26002dsa27jo124g0a,7be8425e-a3ba-4d37-a9c9-14ea20de21cb,Anonymous Participant,cmh20rd26002dsa27jo124g0a,FSDS_ConceptMap_v01.netcanvas,2025-10-22T13:18:38.814Z,2025-10-22T13:21:10.341Z,2025-10-24T12:36:28.566Z,v3.0.0,Unknown commit hash,cats,1.0
7,7be8425e-a3ba-4d37-a9c9-14ea20de21cb,N7PLUDZOj9,policy,0.3954122458656867,0.7697524199200622,759.19,248.67,cmh20rd26002dsa27jo124g0a,7be8425e-a3ba-4d37-a9c9-14ea20de21cb,Anonymous Participant,cmh20rd26002dsa27jo124g0a,FSDS_ConceptMap_v01.netcanvas,2025-10-22T13:18:38.814Z,2025-10-22T13:21:10.341Z,2025-10-24T12:36:28.566Z,v3.0.0,Unknown commit hash,cats,1.0
8,7be8425e-a3ba-4d37-a9c9-14ea20de21cb,WGBnkFwIuN,theory,0.5114930946594748,0.2157185883957493,982.07,847.02,cmh20rd26002dsa27jo124g0a,7be8425e-a3ba-4d37-a9c9-14ea20de21cb,Anonymous Participant,cmh20rd26002dsa27jo124g0a,FSDS_ConceptMap_v01.netcanvas,2025-10-22T13:18:38.814Z,2025-10-22T13:21:10.341Z,2025-10-24T12:36:28.566Z,v3.0.0,Unknown commit hash,cats,1.0
9,7be8425e-a3ba-4d37-a9c9-14ea20de21cb,FXe1ucLJSr,perspective,0.5661193764447869,0.7758140592146389,1086.95,242.12,cmh20rd26002dsa27jo124g0a,7be8425e-a3ba-4d37-a9c9-14ea20de21cb,Anonymous Participant,cmh20rd26002dsa27jo124g0a,FSDS_ConceptMap_v01.netcanvas,2025-10-22T13:18:38.814Z,2025-10-22T13:21:10.341Z,2025-10-24T12:36:28.566Z,v3.0.0,Unknown commit hash,cats,1.0
10,7be8425e-a3ba-4d37-a9c9-14ea20de21cb,WAhTMmxJoA,knowledge,0.3650643115405133,0.2678486863291091,700.92,790.72,cmh20rd26002dsa27jo124g0a,7be8425e-a3ba-4d37-a9c9-14ea20de21cb,Anonymous Participant,cmh20rd26002dsa27jo124g0a,FSDS_ConceptMap_v01.netcanvas,2025-10-22T13:18:38.814Z,2025-10-22T13:21:10.341Z,2025-10-24T12:36:28.566Z,v3.0.0,Unknown commit hash,cats,1.0
1,7be8425e-a3ba-4d37-a9c9-14ea20de21cb,m3bCphZ8J2,technology,0.4678896786465112,0.6281383894606175,898.35,401.61,cmh20pce1002asa27bbo97iav,7be8425e-a3ba-4d37-a9c9-14ea20de21cb,Anonymous Participant,cmh20pce1002asa27bbo97iav,FSDS_ConceptMap_v01.netcanvas,2025-10-22T13:17:04.633Z,2025-10-22T13:21:51.635Z,2025-10-24T12:36:28.565Z,v3.0.0,Unknown commit hash,random,1.0
2,7be8425e-a3ba-4d37-a9c9-14ea20de21cb,WGBnkFwIuN,theory,0.3581689858844729,0.5525367396788532,687.68,483.26,cmh20pce1002asa27bbo97iav,7be8425e-a3ba-4d37-a9c9-14ea20de21cb,Anonymous Participant,cmh20pce1002asa27bbo97iav,FSDS_ConceptMap_v01.netcanvas,2025-10-22T13:17:04.633Z,2025-10-22T13:21:51.635Z,2025-10-24T12:36:28.565Z,v3.0.0,Unknown commit hash,random,1.0
3,7be8425e-a3ba-4d37-a9c9-14ea20de21cb,ZuysvCGddv,AI,0.4943187506256883,0.4935930805269692,949.09,546.92,cmh20pce1002asa27bbo97iav,7be8425e-a3ba-4d37-a9c9-14ea20de21cb,Anonymous Participant,cmh20pce1002asa27bbo97iav,FSDS_ConceptMap_v01.netcanvas,2025-10-22T13:17:04.633Z,2025-10-22T13:21:51.635Z,2025-10-24T12:36:28.565Z,v3.0.0,Unknown commit hash,random,1.0
4,7be8425e-a3ba-4d37-a9c9-14ea20de21cb,zfLP4gy4BA,analysis,0.5463760136149765,0.5230649101029111,1049.04,515.09,cmh20pce1002asa27bbo97iav,7be8425e-a3ba-4d37-a9c9-14ea20de21cb,Anonymous Participant,cmh20pce1002asa27bbo97iav,FSDS_ConceptMap_v01.netcanvas,2025-10-22T13:17:04.633Z,2025-10-22T13:21:51.635Z,2025-10-24T12:36:28.565Z,v3.0.0,Unknown commit hash,random,1.0
5,7be8425e-a3ba-4d37-a9c9-14ea20de21cb,kojNKla2jv,context,0.4294473921313445,0.3372642453850158,824.54,715.75,cmh20pce1002asa27bbo97iav,7be8425e-a3ba-4d37-a9c9-14ea20de21cb,Anonymous Participant,cmh20pce1002asa27bbo97iav,FSDS_ConceptMap_v01.netcanvas,2025-10-22T13:17:04.633Z,2025-10-22T13:21:51.635Z,2025-10-24T12:36:28.565Z,v3.0.0,Unknown commit hash,random,1.0
6,7be8425e-a3ba-4d37-a9c9-14ea20de21cb,fWLVVobTqz,culture,0.5471768945840424,0.2168141592920354,1050.58,845.84,cmh20pce1002asa27bbo97iav,7be8425e-a3ba-4d37-a9c9-14ea20de21cb,Anonymous Participant,cmh20pce1002asa27bbo97iav,FSDS_ConceptMap_v01.netcanvas,2025-10-22T13:17:04.633Z,2025-10-22T13:21:51.635Z,2025-10-24T12:36:28.565Z,v3.0.0,Unknown commit hash,random,1.0
7,7be8425e-a3ba-4d37-a9c9-14ea20de21cb,WAhTMmxJoA,knowledge,0.6601011112223446,0.368017458855564,1267.39,682.54,cmh20pce1002asa27bbo97iav,7be8425e-a3ba-4d37-a9c9-14ea20de21cb,Anonymous Participant,cmh20pce1002asa27bbo97iav,FSDS_ConceptMap_v01.netcanvas,2025-10-22T13:17:04.633Z,2025-10-22T13:21:51.635Z,2025-10-24T12:36:28.565Z,v3.0.0,Unknown commit hash,random,1.0
8,7be8425e-a3ba-4d37-a9c9-14ea20de21cb,acTsAWfdzn,optimisation,0.6552958254079487,0.588415488727826,1258.17,444.51,cmh20pce1002asa27bbo97iav,7be8425e-a3ba-4d37-a9c9-14ea20de21cb,Anonymous Participant,cmh20pce1002asa27bbo97iav,FSDS_ConceptMap_v01.netcanvas,2025-10-22T13:17:04.633Z,2025-10-22T13:21:51.635Z,2025-10-24T12:36:28.565Z,v3.0.0,Unknown commit hash,random,1.0
1,7be8425e-a3ba-4d37-a9c9-14ea20de21cb,ZuysvCGddv,AI,0.5159395080808143,0.3498708127464757,990.6,702.14,cmh1w9kqc0011sa27sx6ud8sm,7be8425e-a3ba-4d37-a9c9-14ea20de21cb,Anonymous Participant,cmh1w9kqc0011sa27sx6ud8sm,FSDS_ConceptMap_v01.netcanvas,2025-10-22T11:12:50.484Z,2025-10-22T11:19:39.269Z,2025-10-24T12:37:16.922Z,v3.0.0,Unknown commit hash,space,1.0
2,7be8425e-a3ba-4d37-a9c9-14ea20de21cb,zfLP4gy4BA,analysis,0.550377605225781,0.5021757853225148,1056.73,537.65,cmh1w9kqc0011sa27sx6ud8sm,7be8425e-a3ba-4d37-a9c9-14ea20de21cb,Anonymous Participant,cmh1w9kqc0011sa27sx6ud8sm,FSDS_ConceptMap_v01.netcanvas,2025-10-22T11:12:50.484Z,2025-10-22T11:19:39.269Z,2025-10-24T12:37:16.922Z,v3.0.0,Unknown commit hash,space,1.0
3,7be8425e-a3ba-4d37-a9c9-14ea20de21cb,QUTNIZIDgY,change,0.3893995232225649,0.3658265717782512,747.65,684.91,cmh1w9kqc0011sa27sx6ud8sm,7be8425e-a3ba-4d37-a9c9-14ea20de21cb,Anonymous Participant,cmh1w9kqc0011sa27sx6ud8sm,FSDS_ConceptMap_v01.netcanvas,2025-10-22T11:12:50.484Z,2025-10-22T11:19:39.269Z,2025-10-24T12:37:16.922Z,v3.0.0,Unknown commit hash,space,1.0
4,7be8425e-a3ba-4d37-a9c9-14ea20de21cb,bihlMPLDwN,community,0.4262402783078781,0.6617333756402701,818.38,365.33,cmh1w9kqc0011sa27sx6ud8sm,7be8425e-a3ba-4d37-a9c9-14ea20de21cb,Anonymous Participant,cmh1w9kqc0011sa27sx6ud8sm,FSDS_ConceptMap_v01.netcanvas,2025-10-22T11:12:50.484Z,2025-10-22T11:19:39.269Z,2025-10-24T12:37:16.922Z,v3.0.0,Unknown commit hash,space,1.0
5,7be8425e-a3ba-4d37-a9c9-14ea20de21cb,fWLVVobTqz,culture,0.6008334219730577,0.3324645301663569,1153.6,720.94,cmh1w9kqc0011sa27sx6ud8sm,7be8425e-a3ba-4d37-a9c9-14ea20de21cb,Anonymous Participant,cmh1w9kqc0011sa27sx6ud8sm,FSDS_ConceptMap_v01.netcanvas,2025-10-22T11:12:50.484Z,2025-10-22T11:19:39.269Z,2025-10-24T12:37:16.922Z,v3.0.0,Unknown commit hash,space,1.0
6,7be8425e-a3ba-4d37-a9c9-14ea20de21cb,RtJiUdZJi6,empirical data,0.4999217884785043,0.5703503920946467,959.85,464.02,cmh1w9kqc0011sa27sx6ud8sm,7be8425e-a3ba-4d37-a9c9-14ea20de21cb,Anonymous Participant,cmh1w9kqc0011sa27sx6ud8sm,FSDS_ConceptMap_v01.netcanvas,2025-10-22T11:12:50.484Z,2025-10-22T11:19:39.269Z,2025-10-24T12:37:16.922Z,v3.0.0,Unknown commit hash,space,1.0
7,7be8425e-a3ba-4d37-a9c9-14ea20de21cb,KaMS6JqOHq,ethics,0.4334482521289176,0.471714790807307,832.22,570.55,cmh1w9kqc0011sa27sx6ud8sm,7be8425e-a3ba-4d37-a9c9-14ea20de21cb,Anonymous Participant,cmh1w9kqc0011sa27sx6ud8sm,FSDS_ConceptMap_v01.netcanvas,2025-10-22T11:12:50.484Z,2025-10-22T11:19:39.269Z,2025-10-24T12:37:16.922Z,v3.0.0,Unknown commit hash,space,1.0
8,7be8425e-a3ba-4d37-a9c9-14ea20de21cb,jWW9gVNZ5Z,inequality,0.4638819193733067,0.767621594669326,890.65,250.97,cmh1w9kqc0011sa27sx6ud8sm,7be8425e-a3ba-4d37-a9c9-14ea20de21cb,Anonymous Participant,cmh1w9kqc0011sa27sx6ud8sm,FSDS_ConceptMap_v01.netcanvas,2025-10-22T11:12:50.484Z,2025-10-22T11:19:39.269Z,2025-10-24T12:37:16.922Z,v3.0.0,Unknown commit hash,space,1.0
9,7be8425e-a3ba-4d37-a9c9-14ea20de21cb,WZuDbuOSgL,macro-micro,0.5952272201122492,0.5761524862880196,1142.84,457.76,cmh1w9kqc0011sa27sx6ud8sm,7be8425e-a3ba-4d37-a9c9-14ea20de21cb,Anonymous Participant,cmh1w9kqc0011sa27sx6ud8sm,FSDS_ConceptMap_v01.netcanvas,2025-10-22T11:12:50.484Z,2025-10-22T11:19:39.269Z,2025-10-24T12:37:16.922Z,v3.0.0,Unknown commit hash,space,1.0
10,7be8425e-a3ba-4d37-a9c9-14ea20de21cb,WAhTMmxJoA,knowledge,0.5071297622995439,0.4572095553238747,973.69,586.21,cmh1w9kqc0011sa27sx6ud8sm,7be8425e-a3ba-4d37-a9c9-14ea20de21cb,Anonymous Participant,cmh1w9kqc0011sa27sx6ud8sm,FSDS_ConceptMap_v01.netcanvas,2025-10-22T11:12:50.484Z,2025-10-22T11:19:39.269Z,2025-10-24T12:37:16.922Z,v3.0.0,Unknown commit hash,space,1.0
11,7be8425e-a3ba-4d37-a9c9-14ea20de21cb,FXe1ucLJSr,perspective,0.526351025822316,0.6646344227369566,1010.59,362.19,cmh1w9kqc0011sa27sx6ud8sm,7be8425e-a3ba-4d37-a9c9-14ea20de21cb,Anonymous Participant,cmh1w9kqc0011sa27sx6ud8sm,FSDS_ConceptMap_v01.netcanvas,2025-10-22T11:12:50.484Z,2025-10-22T11:19:39.269Z,2025-10-24T12:37:16.922Z,v3.0.0,Unknown commit hash,space,1.0
12,7be8425e-a3ba-4d37-a9c9-14ea20de21cb,WGBnkFwIuN,theory,0.4558730595721517,0.5369883504827524,875.28,500.05,cmh1w9kqc0011sa27sx6ud8sm,7be8425e-a3ba-4d37-a9c9-14ea20de21cb,Anonymous Participant,cmh1w9kqc0011sa27sx6ud8sm,FSDS_ConceptMap_v01.netcanvas,2025-10-22T11:12:50.484Z,2025-10-22T11:19:39.269Z,2025-10-24T12:37:16.922Z,v3.0.0,Unknown commit hash,space,1.0
1,7be8425e-a3ba-4d37-a9c9-14ea20de21cb,7cbBSKLNtr,class,0.3160517285059536,0.370173248481354,606.82,680.21,cmh1trlci0002sa278d3vv3ip,7be8425e-a3ba-4d37-a9c9-14ea20de21cb,Anonymous Participant,cmh1trlci0002sa278d3vv3ip,FSDS_ConceptMap_v01.netcanvas,2025-10-22T10:02:52.239Z,2025-10-24T00:31:47.963Z,2025-10-24T00:33:15.659Z,v3.0.0,Unknown commit hash,peaches,1.0
2,7be8425e-a3ba-4d37-a9c9-14ea20de21cb,QUTNIZIDgY,change,0.3083112911102961,0.5547886330967385,591.96,480.83,cmh1trlci0002sa278d3vv3ip,7be8425e-a3ba-4d37-a9c9-14ea20de21cb,Anonymous Participant,cmh1trlci0002sa278d3vv3ip,FSDS_ConceptMap_v01.netcanvas,2025-10-22T10:02:52.239Z,2025-10-24T00:31:47.963Z,2025-10-24T00:33:15.659Z,v3.0.0,Unknown commit hash,peaches,1.0
3,7be8425e-a3ba-4d37-a9c9-14ea20de21cb,bihlMPLDwN,community,0.5318164209099053,0.7394040177121232,1021.09,281.44,cmh1trlci0002sa278d3vv3ip,7be8425e-a3ba-4d37-a9c9-14ea20de21cb,Anonymous Participant,cmh1trlci0002sa278d3vv3ip,FSDS_ConceptMap_v01.netcanvas,2025-10-22T10:02:52.239Z,2025-10-24T00:31:47.963Z,2025-10-24T00:33:15.659Z,v3.0.0,Unknown commit hash,peaches,1.0
4,7be8425e-a3ba-4d37-a9c9-14ea20de21cb,WGBnkFwIuN,theory,0.4176449693239578,0.5897158680239735,801.88,443.11,cmh1trlci0002sa278d3vv3ip,7be8425e-a3ba-4d37-a9c9-14ea20de21cb,Anonymous Participant,cmh1trlci0002sa278d3vv3ip,FSDS_ConceptMap_v01.netcanvas,2025-10-22T10:02:52.239Z,2025-10-24T00:31:47.963Z,2025-10-24T00:33:15.659Z,v3.0.0,Unknown commit hash,peaches,1.0
5,7be8425e-a3ba-4d37-a9c9-14ea20de21cb,ndsons1JEx,social networks,0.6179287869365946,0.7477200260281315,1186.42,272.46,cmh1trlci0002sa278d3vv3ip,7be8425e-a3ba-4d37-a9c9-14ea20de21cb,Anonymous Participant,cmh1trlci0002sa278d3vv3ip,FSDS_ConceptMap_v01.netcanvas,2025-10-22T10:02:52.239Z,2025-10-24T00:31:47.963Z,2025-10-24T00:33:15.659Z,v3.0.0,Unknown commit hash,peaches,1.0
6,7be8425e-a3ba-4d37-a9c9-14ea20de21cb,qlYrXp5pWY,power,0.4282880707429868,0.3868052651133706,822.31,662.25,cmh1trlci0002sa278d3vv3ip,7be8425e-a3ba-4d37-a9c9-14ea20de21cb,Anonymous Participant,cmh1trlci0002sa278d3vv3ip,FSDS_ConceptMap_v01.netcanvas,2025-10-22T10:02:52.239Z,2025-10-24T00:31:47.963Z,2025-10-24T00:33:15.659Z,v3.0.0,Unknown commit hash,peaches,1.0
7,7be8425e-a3ba-4d37-a9c9-14ea20de21cb,WZuDbuOSgL,macro-micro,0.4118396412772147,0.804268882576988,790.73,211.39,cmh1trlci0002sa278d3vv3ip,7be8425e-a3ba-4d37-a9c9-14ea20de21cb,Anonymous Participant,cmh1trlci0002sa278d3vv3ip,FSDS_ConceptMap_v01.netcanvas,2025-10-22T10:02:52.239Z,2025-10-24T00:31:47.963Z,2025-10-24T00:33:15.659Z,v3.0.0,Unknown commit hash,peaches,1.0
8,7be8425e-a3ba-4d37-a9c9-14ea20de21cb,8JFsJYcFYb,identity,0.5560052877713348,0.4200692983774039,1067.53,626.33,cmh1trlci0002sa278d3vv3ip,7be8425e-a3ba-4d37-a9c9-14ea20de21cb,Anonymous Participant,cmh1trlci0002sa278d3vv3ip,FSDS_ConceptMap_v01.netcanvas,2025-10-22T10:02:52.239Z,2025-10-24T00:31:47.963Z,2025-10-24T00:33:15.659Z,v3.0.0,Unknown commit hash,peaches,1.0
9,7be8425e-a3ba-4d37-a9c9-14ea20de21cb,m3bCphZ8J2,technology,0.6508256458681387,0.3535412318493373,1249.59,698.18,cmh1trlci0002sa278d3vv3ip,7be8425e-a3ba-4d37-a9c9-14ea20de21cb,Anonymous Participant,cmh1trlci0002sa278d3vv3ip,FSDS_ConceptMap_v01.netcanvas,2025-10-22T10:02:52.239Z,2025-10-24T00:31:47.963Z,2025-10-24T00:33:15.659Z,v3.0.0,Unknown commit hash,peaches,1.0
10,7be8425e-a3ba-4d37-a9c9-14ea20de21cb,OruxeroRhC,structure,0.572453717237107,0.5797366580447635,1099.11,453.88,cmh1trlci0002sa278d3vv3ip,7be8425e-a3ba-4d37-a9c9-14ea20de21cb,Anonymous Participant,cmh1trlci0002sa278d3vv3ip,FSDS_ConceptMap_v01.netcanvas,2025-10-22T10:02:52.239Z,2025-10-24T00:31:47.963Z,2025-10-24T00:33:15.659Z,v3.0.0,Unknown commit hash,peaches,1.0
1,7be8425e-a3ba-4d37-a9c9-14ea20de21cb,ZuysvCGddv,AI,0.4988777711811639,0.5571229536746778,957.85,478.31,cmh1u7a3d000bsa27gwe0vmf6,7be8425e-a3ba-4d37-a9c9-14ea20de21cb,Anonymous Participant,cmh1u7a3d000bsa27gwe0vmf6,FSDS_ConceptMap_v01.netcanvas,2025-10-22T10:15:04.154Z,2025-10-22T10:19:50.992Z,2025-10-24T12:37:16.921Z,v3.0.0,Unknown commit hash,Dolphin,1.0
2,7be8425e-a3ba-4d37-a9c9-14ea20de21cb,SP780kx1IA,development,0.3774743335408853,0.7466039707419018,724.75,273.67,cmh1u7a3d000bsa27gwe0vmf6,7be8425e-a3ba-4d37-a9c9-14ea20de21cb,Anonymous Participant,cmh1u7a3d000bsa27gwe0vmf6,FSDS_ConceptMap_v01.netcanvas,2025-10-22T10:15:04.154Z,2025-10-22T10:19:50.992Z,2025-10-24T12:37:16.921Z,v3.0.0,Unknown commit hash,Dolphin,1.0
3,7be8425e-a3ba-4d37-a9c9-14ea20de21cb,RtJiUdZJi6,empirical data,0.3626464327603933,0.6448972483455242,696.28,383.51,cmh1u7a3d000bsa27gwe0vmf6,7be8425e-a3ba-4d37-a9c9-14ea20de21cb,Anonymous Participant,cmh1u7a3d000bsa27gwe0vmf6,FSDS_ConceptMap_v01.netcanvas,2025-10-22T10:15:04.154Z,2025-10-22T10:19:50.992Z,2025-10-24T12:37:16.921Z,v3.0.0,Unknown commit hash,Dolphin,1.0
4,7be8425e-a3ba-4d37-a9c9-14ea20de21cb,KaMS6JqOHq,ethics,0.3876685153274736,0.3481365377917102,744.32,704.01,cmh1u7a3d000bsa27gwe0vmf6,7be8425e-a3ba-4d37-a9c9-14ea20de21cb,Anonymous Participant,cmh1u7a3d000bsa27gwe0vmf6,FSDS_ConceptMap_v01.netcanvas,2025-10-22T10:15:04.154Z,2025-10-22T10:19:50.992Z,2025-10-24T12:37:16.921Z,v3.0.0,Unknown commit hash,Dolphin,1.0
5,7be8425e-a3ba-4d37-a9c9-14ea20de21cb,WZuDbuOSgL,macro-micro,0.5489219363153246,0.7201323580633926,1053.93,302.26,cmh1u7a3d000bsa27gwe0vmf6,7be8425e-a3ba-4d37-a9c9-14ea20de21cb,Anonymous Participant,cmh1u7a3d000bsa27gwe0vmf6,FSDS_ConceptMap_v01.netcanvas,2025-10-22T10:15:04.154Z,2025-10-22T10:19:50.992Z,2025-10-24T12:37:16.921Z,v3.0.0,Unknown commit hash,Dolphin,1.0
6,7be8425e-a3ba-4d37-a9c9-14ea20de21cb,acTsAWfdzn,optimisation,0.5535556553092283,0.3258446534308603,1062.83,728.09,cmh1u7a3d000bsa27gwe0vmf6,7be8425e-a3ba-4d37-a9c9-14ea20de21cb,Anonymous Participant,cmh1u7a3d000bsa27gwe0vmf6,FSDS_ConceptMap_v01.netcanvas,2025-10-22T10:15:04.154Z,2025-10-22T10:19:50.992Z,2025-10-24T12:37:16.921Z,v3.0.0,Unknown commit hash,Dolphin,1.0
7,7be8425e-a3ba-4d37-a9c9-14ea20de21cb,uBiRoP3A3s,progress,0.4636615068274954,0.7452107279693486,890.23,275.17,cmh1u7a3d000bsa27gwe0vmf6,7be8425e-a3ba-4d37-a9c9-14ea20de21cb,Anonymous Participant,cmh1u7a3d000bsa27gwe0vmf6,FSDS_ConceptMap_v01.netcanvas,2025-10-22T10:15:04.154Z,2025-10-22T10:19:50.992Z,2025-10-24T12:37:16.921Z,v3.0.0,Unknown commit hash,Dolphin,1.0
8,7be8425e-a3ba-4d37-a9c9-14ea20de21cb,ndsons1JEx,social networks,0.614720746028758,0.6170323928944619,1180.26,413.61,cmh1u7a3d000bsa27gwe0vmf6,7be8425e-a3ba-4d37-a9c9-14ea20de21cb,Anonymous Participant,cmh1u7a3d000bsa27gwe0vmf6,FSDS_ConceptMap_v01.netcanvas,2025-10-22T10:15:04.154Z,2025-10-22T10:19:50.992Z,2025-10-24T12:37:16.921Z,v3.0.0,Unknown commit hash,Dolphin,1.0
9,7be8425e-a3ba-4d37-a9c9-14ea20de21cb,m3bCphZ8J2,technology,0.6341823658031538,0.4094392197840473,1217.63,637.81,cmh1u7a3d000bsa27gwe0vmf6,7be8425e-a3ba-4d37-a9c9-14ea20de21cb,Anonymous Participant,cmh1u7a3d000bsa27gwe0vmf6,FSDS_ConceptMap_v01.netcanvas,2025-10-22T10:15:04.154Z,2025-10-22T10:19:50.992Z,2025-10-24T12:37:16.921Z,v3.0.0,Unknown commit hash,Dolphin,1.0
10,7be8425e-a3ba-4d37-a9c9-14ea20de21cb,YfjJV5hkMD,truth,0.3978626971140619,0.4331243469174504,763.9,612.23,cmh1u7a3d000bsa27gwe0vmf6,7be8425e-a3ba-4d37-a9c9-14ea20de21cb,Anonymous Participant,cmh1u7a3d000bsa27gwe0vmf6,FSDS_ConceptMap_v01.netcanvas,2025-10-22T10:15:04.154Z,2025-10-22T10:19:50.992Z,2025-10-24T12:37:16.921Z,v3.0.0,Unknown commit hash,Dolphin,1.0
1,7be8425e-a3ba-4d37-a9c9-14ea20de21cb,zfLP4gy4BA,analysis,0.3949567868646305,0.7452377141027693,758.32,275.14,cmh20bfbo001vsa27rn1wly2f,7be8425e-a3ba-4d37-a9c9-14ea20de21cb,Anonymous Participant,cmh20bfbo001vsa27rn1wly2f,FSDS_ConceptMap_v01.netcanvas,2025-10-22T13:06:15.252Z,2025-10-23T15:19:39.775Z,2025-10-24T12:35:48.003Z,v3.0.0,Unknown commit hash,triceratops,1.0
2,7be8425e-a3ba-4d37-a9c9-14ea20de21cb,QUTNIZIDgY,change,0.6364046196828862,0.6440691531935329,1221.9,384.41,cmh20bfbo001vsa27rn1wly2f,7be8425e-a3ba-4d37-a9c9-14ea20de21cb,Anonymous Participant,cmh20bfbo001vsa27rn1wly2f,FSDS_ConceptMap_v01.netcanvas,2025-10-22T13:06:15.252Z,2025-10-23T15:19:39.775Z,2025-10-24T12:35:48.003Z,v3.0.0,Unknown commit hash,triceratops,1.0
3,7be8425e-a3ba-4d37-a9c9-14ea20de21cb,bihlMPLDwN,community,0.5202363227608953,0.4353289578997919,998.85,609.84,cmh20bfbo001vsa27rn1wly2f,7be8425e-a3ba-4d37-a9c9-14ea20de21cb,Anonymous Participant,cmh20bfbo001vsa27rn1wly2f,FSDS_ConceptMap_v01.netcanvas,2025-10-22T13:06:15.252Z,2025-10-23T15:19:39.775Z,2025-10-24T12:35:48.003Z,v3.0.0,Unknown commit hash,triceratops,1.0
4,7be8425e-a3ba-4d37-a9c9-14ea20de21cb,kojNKla2jv,context,0.446587141052182,0.5390587481991356,857.45,497.82,cmh20bfbo001vsa27rn1wly2f,7be8425e-a3ba-4d37-a9c9-14ea20de21cb,Anonymous Participant,cmh20bfbo001vsa27rn1wly2f,FSDS_ConceptMap_v01.netcanvas,2025-10-22T13:06:15.252Z,2025-10-23T15:19:39.775Z,2025-10-24T12:35:48.003Z,v3.0.0,Unknown commit hash,triceratops,1.0
5,7be8425e-a3ba-4d37-a9c9-14ea20de21cb,RtJiUdZJi6,empirical data,0.637163889597409,0.4045942052185049,1223.35,643.04,cmh20bfbo001vsa27rn1wly2f,7be8425e-a3ba-4d37-a9c9-14ea20de21cb,Anonymous Participant,cmh20bfbo001vsa27rn1wly2f,FSDS_ConceptMap_v01.netcanvas,2025-10-22T13:06:15.252Z,2025-10-23T15:19:39.775Z,2025-10-24T12:35:48.003Z,v3.0.0,Unknown commit hash,triceratops,1.0
6,7be8425e-a3ba-4d37-a9c9-14ea20de21cb,8JFsJYcFYb,identity,0.5263104820770778,0.5838802625260124,1010.52,449.41,cmh20bfbo001vsa27rn1wly2f,7be8425e-a3ba-4d37-a9c9-14ea20de21cb,Anonymous Participant,cmh20bfbo001vsa27rn1wly2f,FSDS_ConceptMap_v01.netcanvas,2025-10-22T13:06:15.252Z,2025-10-23T15:19:39.775Z,2025-10-24T12:35:48.003Z,v3.0.0,Unknown commit hash,triceratops,1.0
7,7be8425e-a3ba-4d37-a9c9-14ea20de21cb,WGBnkFwIuN,theory,0.3577525610530125,0.4174003521690411,686.88,629.21,cmh20bfbo001vsa27rn1wly2f,7be8425e-a3ba-4d37-a9c9-14ea20de21cb,Anonymous Participant,cmh20bfbo001vsa27rn1wly2f,FSDS_ConceptMap_v01.netcanvas,2025-10-22T13:06:15.252Z,2025-10-23T15:19:39.775Z,2025-10-24T12:35:48.003Z,v3.0.0,Unknown commit hash,triceratops,1.0
8,7be8425e-a3ba-4d37-a9c9-14ea20de21cb,OruxeroRhC,structure,0.3850862779758338,0.1856090923643349,739.37,879.54,cmh20bfbo001vsa27rn1wly2f,7be8425e-a3ba-4d37-a9c9-14ea20de21cb,Anonymous Participant,cmh20bfbo001vsa27rn1wly2f,FSDS_ConceptMap_v01.netcanvas,2025-10-22T13:06:15.252Z,2025-10-23T15:19:39.775Z,2025-10-24T12:35:48.003Z,v3.0.0,Unknown commit hash,triceratops,1.0
9,7be8425e-a3ba-4d37-a9c9-14ea20de21cb,ZuysvCGddv,AI,0.6151450620762473,0.8105490635505043,1181.08,204.61,cmh20bfbo001vsa27rn1wly2f,7be8425e-a3ba-4d37-a9c9-14ea20de21cb,Anonymous Participant,cmh20bfbo001vsa27rn1wly2f,FSDS_ConceptMap_v01.netcanvas,2025-10-22T13:06:15.252Z,2025-10-23T15:19:39.775Z,2025-10-24T12:35:48.003Z,v3.0.0,Unknown commit hash,triceratops,1.0
10,7be8425e-a3ba-4d37-a9c9-14ea20de21cb,WAhTMmxJoA,knowledge,0.5893298849824715,0.2137826156555147,1131.51,849.11,cmh20bfbo001vsa27rn1wly2f,7be8425e-a3ba-4d37-a9c9-14ea20de21cb,Anonymous Participant,cmh20bfbo001vsa27rn1wly2f,FSDS_ConceptMap_v01.netcanvas,2025-10-22T13:06:15.252Z,2025-10-23T15:19:39.775Z,2025-10-24T12:35:48.003Z,v3.0.0,Unknown commit hash,triceratops,1.0
11,7be8425e-a3ba-4d37-a9c9-14ea20de21cb,FXe1ucLJSr,perspective,0.4663281588297752,0.2970225708340003,895.35,759.22,cmh20bfbo001vsa27rn1wly2f,7be8425e-a3ba-4d37-a9c9-14ea20de21cb,Anonymous Participant,cmh20bfbo001vsa27rn1wly2f,FSDS_ConceptMap_v01.netcanvas,2025-10-22T13:06:15.252Z,2025-10-23T15:19:39.775Z,2025-10-24T12:35:48.003Z,v3.0.0,Unknown commit hash,triceratops,1.0
12,7be8425e-a3ba-4d37-a9c9-14ea20de21cb,m3bCphZ8J2,technology,0.5187177829318496,0.7682887786137346,995.94,250.25,cmh20bfbo001vsa27rn1wly2f,7be8425e-a3ba-4d37-a9c9-14ea20de21cb,Anonymous Participant,cmh20bfbo001vsa27rn1wly2f,FSDS_ConceptMap_v01.netcanvas,2025-10-22T13:06:15.252Z,2025-10-23T15:19:39.775Z,2025-10-24T12:35:48.003Z,v3.0.0,Unknown commit hash,triceratops,1.0
1,7be8425e-a3ba-4d37-a9c9-14ea20de21cb,ZuysvCGddv,AI,0.4770661427635887,0.5317533012747119,915.97,505.71,cmh1uot9n000osa27eayyicd9,7be8425e-a3ba-4d37-a9c9-14ea20de21cb,Anonymous Participant,cmh1uot9n000osa27eayyicd9,FSDS_ConceptMap_v01.netcanvas,2025-10-22T10:28:42.155Z,2025-10-23T23:36:16.279Z,2025-10-24T12:35:48.002Z,v3.0.0,Unknown commit hash,test,1.0
2,7be8425e-a3ba-4d37-a9c9-14ea20de21cb,RUzI0YhNuM,art,0.3898886705959397,0.7430348828333715,748.59,277.52,cmh1uot9n000osa27eayyicd9,7be8425e-a3ba-4d37-a9c9-14ea20de21cb,Anonymous Participant,cmh1uot9n000osa27eayyicd9,FSDS_ConceptMap_v01.netcanvas,2025-10-22T10:28:42.155Z,2025-10-23T23:36:16.279Z,2025-10-24T12:35:48.002Z,v3.0.0,Unknown commit hash,test,0.0
3,7be8425e-a3ba-4d37-a9c9-14ea20de21cb,fWLVVobTqz,culture,0.5830203012442698,0.7735669032898252,1119.4,244.55,cmh1uot9n000osa27eayyicd9,7be8425e-a3ba-4d37-a9c9-14ea20de21cb,Anonymous Participant,cmh1uot9n000osa27eayyicd9,FSDS_ConceptMap_v01.netcanvas,2025-10-22T10:28:42.155Z,2025-10-23T23:36:16.279Z,2025-10-24T12:35:48.002Z,v3.0.0,Unknown commit hash,test,0.0
4,7be8425e-a3ba-4d37-a9c9-14ea20de21cb,S941vbbT0r,design,0.5991146037982973,0.4865659109991604,1150.3,554.51,cmh1uot9n000osa27eayyicd9,7be8425e-a3ba-4d37-a9c9-14ea20de21cb,Anonymous Participant,cmh1uot9n000osa27eayyicd9,FSDS_ConceptMap_v01.netcanvas,2025-10-22T10:28:42.155Z,2025-10-23T23:36:16.279Z,2025-10-24T12:35:48.002Z,v3.0.0,Unknown commit hash,test,0.0
5,7be8425e-a3ba-4d37-a9c9-14ea20de21cb,SP780kx1IA,development,0.5240078585461689,0.4132890619036715,1006.1,633.65,cmh1uot9n000osa27eayyicd9,7be8425e-a3ba-4d37-a9c9-14ea20de21cb,Anonymous Participant,cmh1uot9n000osa27eayyicd9,FSDS_ConceptMap_v01.netcanvas,2025-10-22T10:28:42.155Z,2025-10-23T23:36:16.279Z,2025-10-24T12:35:48.002Z,v3.0.0,Unknown commit hash,test,1.0
6,7be8425e-a3ba-4d37-a9c9-14ea20de21cb,eirRfq6JdI,justice,0.3201466928618206,0.6343408900083963,614.68,394.91,cmh1uot9n000osa27eayyicd9,7be8425e-a3ba-4d37-a9c9-14ea20de21cb,Anonymous Participant,cmh1uot9n000osa27eayyicd9,FSDS_ConceptMap_v01.netcanvas,2025-10-22T10:28:42.155Z,2025-10-23T23:36:16.279Z,2025-10-24T12:35:48.002Z,v3.0.0,Unknown commit hash,test,0.0
7,7be8425e-a3ba-4d37-a9c9-14ea20de21cb,WAhTMmxJoA,knowledge,0.4649954158480681,0.409625219448897,892.79,637.6,cmh1uot9n000osa27eayyicd9,7be8425e-a3ba-4d37-a9c9-14ea20de21cb,Anonymous Participant,cmh1uot9n000osa27eayyicd9,FSDS_ConceptMap_v01.netcanvas,2025-10-22T10:28:42.155Z,2025-10-23T23:36:16.279Z,2025-10-24T12:35:48.002Z,v3.0.0,Unknown commit hash,test,0.0
8,7be8425e-a3ba-4d37-a9c9-14ea20de21cb,g3wV1SAlU4,music,0.6634918140144074,0.5,1273.9,540.0,cmh1uot9n000osa27eayyicd9,7be8425e-a3ba-4d37-a9c9-14ea20de21cb,Anonymous Participant,cmh1uot9n000osa27eayyicd9,FSDS_ConceptMap_v01.netcanvas,2025-10-22T10:28:42.155Z,2025-10-23T23:36:16.279Z,2025-10-24T12:35:48.002Z,v3.0.0,Unknown commit hash,test,0.0
9,7be8425e-a3ba-4d37-a9c9-14ea20de21cb,m3bCphZ8J2,technology,0.5508316961362149,0.5464086710938096,1057.6,489.88,cmh1uot9n000osa27eayyicd9,7be8425e-a3ba-4d37-a9c9-14ea20de21cb,Anonymous Participant,cmh1uot9n000osa27eayyicd9,FSDS_ConceptMap_v01.netcanvas,2025-10-22T10:28:42.155Z,2025-10-23T23:36:16.279Z,2025-10-24T12:35:48.002Z,v3.0.0,Unknown commit hash,test,0.0
10,7be8425e-a3ba-4d37-a9c9-14ea20de21cb,qlYrXp5pWY,power,0.638679764243615,0.6905198076482711,1226.27,334.24,cmh1uot9n000osa27eayyicd9,7be8425e-a3ba-4d37-a9c9-14ea20de21cb,Anonymous Participant,cmh1uot9n000osa27eayyicd9,FSDS_ConceptMap_v01.netcanvas,2025-10-22T10:28:42.155Z,2025-10-23T23:36:16.279Z,2025-10-24T12:35:48.002Z,v3.0.0,Unknown commit hash,test,0.0
1,7be8425e-a3ba-4d37-a9c9-14ea20de21cb,QUTNIZIDgY,change,0.3628267263162255,0.3213859811845767,696.63,732.9,cmh200ziw001hsa27kc2dl64f,7be8425e-a3ba-4d37-a9c9-14ea20de21cb,Anonymous Participant,cmh200ziw001hsa27kc2dl64f,FSDS_ConceptMap_v01.netcanvas,2025-10-22T12:58:08.216Z,2025-10-22T13:03:09.119Z,2025-10-24T12:36:28.562Z,v3.0.0,Unknown commit hash,helloOII,1.0
2,7be8425e-a3ba-4d37-a9c9-14ea20de21cb,7cbBSKLNtr,class,0.329025309639203,0.5800318007155161,631.73,453.57,cmh200ziw001hsa27kc2dl64f,7be8425e-a3ba-4d37-a9c9-14ea20de21cb,Anonymous Participant,cmh200ziw001hsa27kc2dl64f,FSDS_ConceptMap_v01.netcanvas,2025-10-22T12:58:08.216Z,2025-10-22T13:03:09.119Z,2025-10-24T12:36:28.562Z,v3.0.0,Unknown commit hash,helloOII,1.0
3,7be8425e-a3ba-4d37-a9c9-14ea20de21cb,d1Lcl1ZtLG,collective,0.4337434240503708,0.6658937326089837,832.79,360.83,cmh200ziw001hsa27kc2dl64f,7be8425e-a3ba-4d37-a9c9-14ea20de21cb,Anonymous Participant,cmh200ziw001hsa27kc2dl64f,FSDS_ConceptMap_v01.netcanvas,2025-10-22T12:58:08.216Z,2025-10-22T13:03:09.119Z,2025-10-24T12:36:28.562Z,v3.0.0,Unknown commit hash,helloOII,1.0
4,7be8425e-a3ba-4d37-a9c9-14ea20de21cb,bihlMPLDwN,community,0.6034132803115032,0.5938121107724924,1158.55,438.68,cmh200ziw001hsa27kc2dl64f,7be8425e-a3ba-4d37-a9c9-14ea20de21cb,Anonymous Participant,cmh200ziw001hsa27kc2dl64f,FSDS_ConceptMap_v01.netcanvas,2025-10-22T12:58:08.216Z,2025-10-22T13:03:09.119Z,2025-10-24T12:36:28.562Z,v3.0.0,Unknown commit hash,helloOII,1.0
5,7be8425e-a3ba-4d37-a9c9-14ea20de21cb,kojNKla2jv,context,0.5232177623130774,0.4369285808930701,1004.58,608.12,cmh200ziw001hsa27kc2dl64f,7be8425e-a3ba-4d37-a9c9-14ea20de21cb,Anonymous Participant,cmh200ziw001hsa27kc2dl64f,FSDS_ConceptMap_v01.netcanvas,2025-10-22T12:58:08.216Z,2025-10-22T13:03:09.119Z,2025-10-24T12:36:28.562Z,v3.0.0,Unknown commit hash,helloOII,1.0
6,7be8425e-a3ba-4d37-a9c9-14ea20de21cb,RtJiUdZJi6,empirical data,0.505322894660536,0.5408109182456605,970.22,495.92,cmh200ziw001hsa27kc2dl64f,7be8425e-a3ba-4d37-a9c9-14ea20de21cb,Anonymous Participant,cmh200ziw001hsa27kc2dl64f,FSDS_ConceptMap_v01.netcanvas,2025-10-22T12:58:08.216Z,2025-10-22T13:03:09.119Z,2025-10-24T12:36:28.562Z,v3.0.0,Unknown commit hash,helloOII,1.0
7,7be8425e-a3ba-4d37-a9c9-14ea20de21cb,WZuDbuOSgL,macro-micro,0.4629054305952529,0.4570690340532662,888.78,586.37,cmh200ziw001hsa27kc2dl64f,7be8425e-a3ba-4d37-a9c9-14ea20de21cb,Anonymous Participant,cmh200ziw001hsa27kc2dl64f,FSDS_ConceptMap_v01.netcanvas,2025-10-22T12:58:08.216Z,2025-10-22T13:03:09.119Z,2025-10-24T12:36:28.562Z,v3.0.0,Unknown commit hash,helloOII,1.0
8,7be8425e-a3ba-4d37-a9c9-14ea20de21cb,acTsAWfdzn,optimisation,0.6060643718155835,0.3881674837683848,1163.64,660.78,cmh200ziw001hsa27kc2dl64f,7be8425e-a3ba-4d37-a9c9-14ea20de21cb,Anonymous Participant,cmh200ziw001hsa27kc2dl64f,FSDS_ConceptMap_v01.netcanvas,2025-10-22T12:58:08.216Z,2025-10-22T13:03:09.119Z,2025-10-24T12:36:28.562Z,v3.0.0,Unknown commit hash,helloOII,1.0
9,7be8425e-a3ba-4d37-a9c9-14ea20de21cb,Aq4q5O2VkA,race-ethnicity,0.5437637214696989,0.2026633099244733,1044.03,861.12,cmh200ziw001hsa27kc2dl64f,7be8425e-a3ba-4d37-a9c9-14ea20de21cb,Anonymous Participant,cmh200ziw001hsa27kc2dl64f,FSDS_ConceptMap_v01.netcanvas,2025-10-22T12:58:08.216Z,2025-10-22T13:03:09.119Z,2025-10-24T12:36:28.562Z,v3.0.0,Unknown commit hash,helloOII,1.0
10,7be8425e-a3ba-4d37-a9c9-14ea20de21cb,ndsons1JEx,social networks,0.7134335777308314,0.215383596130913,1369.79,847.39,cmh200ziw001hsa27kc2dl64f,7be8425e-a3ba-4d37-a9c9-14ea20de21cb,Anonymous Participant,cmh200ziw001hsa27kc2dl64f,FSDS_ConceptMap_v01.netcanvas,2025-10-22T12:58:08.216Z,2025-10-22T13:03:09.119Z,2025-10-24T12:36:28.562Z,v3.0.0,Unknown commit hash,helloOII,1.0
11,7be8425e-a3ba-4d37-a9c9-14ea20de21cb,zfLP4gy4BA,analysis,0.5616585891222402,0.7581158076056711,1078.38,261.23,cmh200ziw001hsa27kc2dl64f,7be8425e-a3ba-4d37-a9c9-14ea20de21cb,Anonymous Participant,cmh200ziw001hsa27kc2dl64f,FSDS_ConceptMap_v01.netcanvas,2025-10-22T12:58:08.216Z,2025-10-22T13:03:09.119Z,2025-10-24T12:36:28.562Z,v3.0.0,Unknown commit hash,helloOII,1.0
12,7be8425e-a3ba-4d37-a9c9-14ea20de21cb,jWW9gVNZ5Z,inequality,0.4257901495381302,0.1549622366503246,817.52,912.64,cmh200ziw001hsa27kc2dl64f,7be8425e-a3ba-4d37-a9c9-14ea20de21cb,Anonymous Participant,cmh200ziw001hsa27kc2dl64f,FSDS_ConceptMap_v01.netcanvas,2025-10-22T12:58:08.216Z,2025-10-22T13:03:09.119Z,2025-10-24T12:36:28.562Z,v3.0.0,Unknown commit hash,helloOII,1.0
1,7be8425e-a3ba-4d37-a9c9-14ea20de21cb,ZuysvCGddv,AI,0.4807037741515667,0.4818277694398247,922.95,559.63,cmh2780t1002osa278qk4yn4v,7be8425e-a3ba-4d37-a9c9-14ea20de21cb,Anonymous Participant,cmh2780t1002osa278qk4yn4v,FSDS_ConceptMap_v01.netcanvas,2025-10-22T16:19:33.773Z,2025-10-22T16:23:01.083Z,2025-10-24T12:36:28.567Z,v3.0.0,Unknown commit hash,peanuts,1.0
2,7be8425e-a3ba-4d37-a9c9-14ea20de21cb,zfLP4gy4BA,analysis,0.3950095104615077,0.4714436376911532,758.42,570.84,cmh2780t1002osa278qk4yn4v,7be8425e-a3ba-4d37-a9c9-14ea20de21cb,Anonymous Participant,cmh2780t1002osa278qk4yn4v,FSDS_ConceptMap_v01.netcanvas,2025-10-22T16:19:33.773Z,2025-10-22T16:23:01.083Z,2025-10-24T12:36:28.567Z,v3.0.0,Unknown commit hash,peanuts,1.0
3,7be8425e-a3ba-4d37-a9c9-14ea20de21cb,m3bCphZ8J2,technology,0.5383672039243167,0.3559201719871821,1033.67,695.61,cmh2780t1002osa278qk4yn4v,7be8425e-a3ba-4d37-a9c9-14ea20de21cb,Anonymous Participant,cmh2780t1002osa278qk4yn4v,FSDS_ConceptMap_v01.netcanvas,2025-10-22T16:19:33.773Z,2025-10-22T16:23:01.083Z,2025-10-24T12:36:28.567Z,v3.0.0,Unknown commit hash,peanuts,1.0
4,7be8425e-a3ba-4d37-a9c9-14ea20de21cb,WAhTMmxJoA,knowledge,0.5559865852437681,0.5272583458402629,1067.49,510.56,cmh2780t1002osa278qk4yn4v,7be8425e-a3ba-4d37-a9c9-14ea20de21cb,Anonymous Participant,cmh2780t1002osa278qk4yn4v,FSDS_ConceptMap_v01.netcanvas,2025-10-22T16:19:33.773Z,2025-10-22T16:23:01.083Z,2025-10-24T12:36:28.567Z,v3.0.0,Unknown commit hash,peanuts,1.0
5,7be8425e-a3ba-4d37-a9c9-14ea20de21cb,jWW9gVNZ5Z,inequality,0.3894033436780459,0.6557619762300734,747.65,371.78,cmh2780t1002osa278qk4yn4v,7be8425e-a3ba-4d37-a9c9-14ea20de21cb,Anonymous Participant,cmh2780t1002osa278qk4yn4v,FSDS_ConceptMap_v01.netcanvas,2025-10-22T16:19:33.773Z,2025-10-22T16:23:01.083Z,2025-10-24T12:36:28.567Z,v3.0.0,Unknown commit hash,peanuts,1.0
6,7be8425e-a3ba-4d37-a9c9-14ea20de21cb,KaMS6JqOHq,ethics,0.4278456301932125,0.7751794913397964,821.46,242.81,cmh2780t1002osa278qk4yn4v,7be8425e-a3ba-4d37-a9c9-14ea20de21cb,Anonymous Participant,cmh2780t1002osa278qk4yn4v,FSDS_ConceptMap_v01.netcanvas,2025-10-22T16:19:33.773Z,2025-10-22T16:23:01.083Z,2025-10-24T12:36:28.567Z,v3.0.0,Unknown commit hash,peanuts,1.0
7,7be8425e-a3ba-4d37-a9c9-14ea20de21cb,SP780kx1IA,development,0.6344729202122334,0.3896686001703646,1218.19,659.16,cmh2780t1002osa278qk4yn4v,7be8425e-a3ba-4d37-a9c9-14ea20de21cb,Anonymous Participant,cmh2780t1002osa278qk4yn4v,FSDS_ConceptMap_v01.netcanvas,2025-10-22T16:19:33.773Z,2025-10-22T16:23:01.083Z,2025-10-24T12:36:28.567Z,v3.0.0,Unknown commit hash,peanuts,1.0
8,7be8425e-a3ba-4d37-a9c9-14ea20de21cb,N7PLUDZOj9,policy,0.4606817499249174,0.6051393339552995,884.51,426.45,cmh2780t1002osa278qk4yn4v,7be8425e-a3ba-4d37-a9c9-14ea20de21cb,Anonymous Participant,cmh2780t1002osa278qk4yn4v,FSDS_ConceptMap_v01.netcanvas,2025-10-22T16:19:33.773Z,2025-10-22T16:23:01.083Z,2025-10-24T12:36:28.567Z,v3.0.0,Unknown commit hash,peanuts,1.0
9,7be8425e-a3ba-4d37-a9c9-14ea20de21cb,QUTNIZIDgY,change,0.5471768945840424,0.712874700847767,1050.58,310.1,cmh2780t1002osa278qk4yn4v,7be8425e-a3ba-4d37-a9c9-14ea20de21cb,Anonymous Participant,cmh2780t1002osa278qk4yn4v,FSDS_ConceptMap_v01.netcanvas,2025-10-22T16:19:33.773Z,2025-10-22T16:23:01.083Z,2025-10-24T12:36:28.567Z,v3.0.0,Unknown commit hash,peanuts,1.0
10,7be8425e-a3ba-4d37-a9c9-14ea20de21cb,WGBnkFwIuN,theory,0.6609019921914105,0.5155761976230073,1268.93,523.18,cmh2780t1002osa278qk4yn4v,7be8425e-a3ba-4d37-a9c9-14ea20de21cb,Anonymous Participant,cmh2780t1002osa278qk4yn4v,FSDS_ConceptMap_v01.netcanvas,2025-10-22T16:19:33.773Z,2025-10-22T16:23:01.083Z,2025-10-24T12:36:28.567Z,v3.0.0,Unknown commit hash,peanuts,1.0
1,7be8425e-a3ba-4d37-a9c9-14ea20de21cb,ZuysvCGddv,AI,0.4494659717312277,0.389954282477647,862.97,658.85,cmh21d16h002ksa27lkj9ip6g,7be8425e-a3ba-4d37-a9c9-14ea20de21cb,Anonymous Participant,cmh21d16h002ksa27lkj9ip6g,FSDS_ConceptMap_v01.netcanvas,2025-10-22T13:35:29.841Z,2025-10-22T13:39:00.871Z,2025-10-24T12:36:28.567Z,v3.0.0,Unknown commit hash,apples,0.0
2,7be8425e-a3ba-4d37-a9c9-14ea20de21cb,bihlMPLDwN,community,0.5631917809076291,0.3472306509689687,1081.33,704.99,cmh21d16h002ksa27lkj9ip6g,7be8425e-a3ba-4d37-a9c9-14ea20de21cb,Anonymous Participant,cmh21d16h002ksa27lkj9ip6g,FSDS_ConceptMap_v01.netcanvas,2025-10-22T13:35:29.841Z,2025-10-22T13:39:00.871Z,2025-10-24T12:36:28.567Z,v3.0.0,Unknown commit hash,apples,0.0
3,7be8425e-a3ba-4d37-a9c9-14ea20de21cb,kojNKla2jv,context,0.5207448239615075,0.4715175789942145,999.83,570.76,cmh21d16h002ksa27lkj9ip6g,7be8425e-a3ba-4d37-a9c9-14ea20de21cb,Anonymous Participant,cmh21d16h002ksa27lkj9ip6g,FSDS_ConceptMap_v01.netcanvas,2025-10-22T13:35:29.841Z,2025-10-22T13:39:00.871Z,2025-10-24T12:36:28.567Z,v3.0.0,Unknown commit hash,apples,1.0
4,7be8425e-a3ba-4d37-a9c9-14ea20de21cb,RtJiUdZJi6,empirical data,0.416629646546492,0.5207144880042076,799.93,517.63,cmh21d16h002ksa27lkj9ip6g,7be8425e-a3ba-4d37-a9c9-14ea20de21cb,Anonymous Participant,cmh21d16h002ksa27lkj9ip6g,FSDS_ConceptMap_v01.netcanvas,2025-10-22T13:35:29.841Z,2025-10-22T13:39:00.871Z,2025-10-24T12:36:28.567Z,v3.0.0,Unknown commit hash,apples,1.0
5,7be8425e-a3ba-4d37-a9c9-14ea20de21cb,KaMS6JqOHq,ethics,0.4911120426972338,0.2837925314560829,942.94,773.5,cmh21d16h002ksa27lkj9ip6g,7be8425e-a3ba-4d37-a9c9-14ea20de21cb,Anonymous Participant,cmh21d16h002ksa27lkj9ip6g,FSDS_ConceptMap_v01.netcanvas,2025-10-22T13:35:29.841Z,2025-10-22T13:39:00.871Z,2025-10-24T12:36:28.567Z,v3.0.0,Unknown commit hash,apples,0.0
6,7be8425e-a3ba-4d37-a9c9-14ea20de21cb,ARTDRWwDGL,history,0.6024351939332887,0.4883481004976332,1156.68,552.58,cmh21d16h002ksa27lkj9ip6g,7be8425e-a3ba-4d37-a9c9-14ea20de21cb,Anonymous Participant,cmh21d16h002ksa27lkj9ip6g,FSDS_ConceptMap_v01.netcanvas,2025-10-22T13:35:29.841Z,2025-10-22T13:39:00.871Z,2025-10-24T12:36:28.567Z,v3.0.0,Unknown commit hash,apples,0.0
7,7be8425e-a3ba-4d37-a9c9-14ea20de21cb,N7PLUDZOj9,policy,0.4062181288049905,0.2630780434518752,779.94,795.88,cmh21d16h002ksa27lkj9ip6g,7be8425e-a3ba-4d37-a9c9-14ea20de21cb,Anonymous Participant,cmh21d16h002ksa27lkj9ip6g,FSDS_ConceptMap_v01.netcanvas,2025-10-22T13:35:29.841Z,2025-10-22T13:39:00.871Z,2025-10-24T12:36:28.567Z,v3.0.0,Unknown commit hash,apples,0.0
8,7be8425e-a3ba-4d37-a9c9-14ea20de21cb,m3bCphZ8J2,technology,0.3693773737196774,0.3964275599789618,709.2,651.86,cmh21d16h002ksa27lkj9ip6g,7be8425e-a3ba-4d37-a9c9-14ea20de21cb,Anonymous Participant,cmh21d16h002ksa27lkj9ip6g,FSDS_ConceptMap_v01.netcanvas,2025-10-22T13:35:29.841Z,2025-10-22T13:39:00.871Z,2025-10-24T12:36:28.567Z,v3.0.0,Unknown commit hash,apples,1.0
9,7be8425e-a3ba-4d37-a9c9-14ea20de21cb,OruxeroRhC,structure,0.6360724050981398,0.3291054739652871,1221.26,724.57,cmh21d16h002ksa27lkj9ip6g,7be8425e-a3ba-4d37-a9c9-14ea20de21cb,Anonymous Participant,cmh21d16h002ksa27lkj9ip6g,FSDS_ConceptMap_v01.netcanvas,2025-10-22T13:35:29.841Z,2025-10-22T13:39:00.871Z,2025-10-24T12:36:28.567Z,v3.0.0,Unknown commit hash,apples,0.0
10,7be8425e-a3ba-4d37-a9c9-14ea20de21cb,8JFsJYcFYb,identity,0.5816121584502856,0.220354411943197,1116.7,842.02,cmh21d16h002ksa27lkj9ip6g,7be8425e-a3ba-4d37-a9c9-14ea20de21cb,Anonymous Participant,cmh21d16h002ksa27lkj9ip6g,FSDS_ConceptMap_v01.netcanvas,2025-10-22T13:35:29.841Z,2025-10-22T13:39:00.871Z,2025-10-24T12:36:28.567Z,v3.0.0,Unknown commit hash,apples,0.0
11,7be8425e-a3ba-4d37-a9c9-14ea20de21cb,SP780kx1IA,development,0.3277313027536712,0.2954444309584496,629.24,760.92,cmh21d16h002ksa27lkj9ip6g,7be8425e-a3ba-4d37-a9c9-14ea20de21cb,Anonymous Participant,cmh21d16h002ksa27lkj9ip6g,FSDS_ConceptMap_v01.netcanvas,2025-10-22T13:35:29.841Z,2025-10-22T13:39:00.871Z,2025-10-24T12:36:28.567Z,v3.0.0,Unknown commit hash,apples,0.0
12,7be8425e-a3ba-4d37-a9c9-14ea20de21cb,WTyHE68aut,social norms,0.6705105022431065,0.2255330339442489,1287.38,836.42,cmh21d16h002ksa27lkj9ip6g,7be8425e-a3ba-4d37-a9c9-14ea20de21cb,Anonymous Participant,cmh21d16h002ksa27lkj9ip6g,FSDS_ConceptMap_v01.netcanvas,2025-10-22T13:35:29.841Z,2025-10-22T13:39:00.871Z,2025-10-24T12:36:28.567Z,v3.0.0,Unknown commit hash,apples,0.0
1,7be8425e-a3ba-4d37-a9c9-14ea20de21cb,ZuysvCGddv,AI,0.4935147006375804,0.5759409559067825,947.55,457.98,cmh291q1v002vsa27a241pgye,7be8425e-a3ba-4d37-a9c9-14ea20de21cb,Anonymous Participant,cmh291q1v002vsa27a241pgye,FSDS_ConceptMap_v01.netcanvas,2025-10-22T17:10:39.139Z,2025-10-22T17:14:04.790Z,2025-10-24T12:35:48.004Z,v3.0.0,Unknown commit hash,cat,0.0
2,7be8425e-a3ba-4d37-a9c9-14ea20de21cb,zfLP4gy4BA,analysis,0.4190323044868386,0.6290996250415302,804.54,400.57,cmh291q1v002vsa27a241pgye,7be8425e-a3ba-4d37-a9c9-14ea20de21cb,Anonymous Participant,cmh291q1v002vsa27a241pgye,FSDS_ConceptMap_v01.netcanvas,2025-10-22T17:10:39.139Z,2025-10-22T17:14:04.790Z,2025-10-24T12:35:48.004Z,v3.0.0,Unknown commit hash,cat,0.0
3,7be8425e-a3ba-4d37-a9c9-14ea20de21cb,QUTNIZIDgY,change,0.4911120426972338,0.4650671602828801,942.94,577.73,cmh291q1v002vsa27a241pgye,7be8425e-a3ba-4d37-a9c9-14ea20de21cb,Anonymous Participant,cmh291q1v002vsa27a241pgye,FSDS_ConceptMap_v01.netcanvas,2025-10-22T17:10:39.139Z,2025-10-22T17:14:04.790Z,2025-10-24T12:35:48.004Z,v3.0.0,Unknown commit hash,cat,1.0
4,7be8425e-a3ba-4d37-a9c9-14ea20de21cb,d1Lcl1ZtLG,collective,0.5784086145298236,0.5288575632445773,1110.54,508.83,cmh291q1v002vsa27a241pgye,7be8425e-a3ba-4d37-a9c9-14ea20de21cb,Anonymous Participant,cmh291q1v002vsa27a241pgye,FSDS_ConceptMap_v01.netcanvas,2025-10-22T17:10:39.139Z,2025-10-22T17:14:04.790Z,2025-10-24T12:35:48.004Z,v3.0.0,Unknown commit hash,cat,1.0
5,7be8425e-a3ba-4d37-a9c9-14ea20de21cb,KaMS6JqOHq,ethics,0.5191430520012764,0.474180074991694,996.75,567.89,cmh291q1v002vsa27a241pgye,7be8425e-a3ba-4d37-a9c9-14ea20de21cb,Anonymous Participant,cmh291q1v002vsa27a241pgye,FSDS_ConceptMap_v01.netcanvas,2025-10-22T17:10:39.139Z,2025-10-22T17:14:04.790Z,2025-10-24T12:35:48.004Z,v3.0.0,Unknown commit hash,cat,1.0
6,7be8425e-a3ba-4d37-a9c9-14ea20de21cb,eirRfq6JdI,justice,0.5575855790468205,0.677701836821871,1070.56,348.08,cmh291q1v002vsa27a241pgye,7be8425e-a3ba-4d37-a9c9-14ea20de21cb,Anonymous Participant,cmh291q1v002vsa27a241pgye,FSDS_ConceptMap_v01.netcanvas,2025-10-22T17:10:39.139Z,2025-10-22T17:14:04.790Z,2025-10-24T12:35:48.004Z,v3.0.0,Unknown commit hash,cat,1.0
7,7be8425e-a3ba-4d37-a9c9-14ea20de21cb,YfjJV5hkMD,truth,0.5183421660211609,0.3314110778869429,995.22,722.08,cmh291q1v002vsa27a241pgye,7be8425e-a3ba-4d37-a9c9-14ea20de21cb,Anonymous Participant,cmh291q1v002vsa27a241pgye,FSDS_ConceptMap_v01.netcanvas,2025-10-22T17:10:39.139Z,2025-10-22T17:14:04.790Z,2025-10-24T12:35:48.004Z,v3.0.0,Unknown commit hash,cat,0.0
8,7be8425e-a3ba-4d37-a9c9-14ea20de21cb,bihlMPLDwN,community,0.4214349624271851,0.4893682661730505,809.16,551.48,cmh291q1v002vsa27a241pgye,7be8425e-a3ba-4d37-a9c9-14ea20de21cb,Anonymous Participant,cmh291q1v002vsa27a241pgye,FSDS_ConceptMap_v01.netcanvas,2025-10-22T17:10:39.139Z,2025-10-22T17:14:04.790Z,2025-10-24T12:35:48.004Z,v3.0.0,Unknown commit hash,cat,1.0
9,7be8425e-a3ba-4d37-a9c9-14ea20de21cb,jWW9gVNZ5Z,inequality,0.4326473661488021,0.3374863543594855,830.68,715.51,cmh291q1v002vsa27a241pgye,7be8425e-a3ba-4d37-a9c9-14ea20de21cb,Anonymous Participant,cmh291q1v002vsa27a241pgye,FSDS_ConceptMap_v01.netcanvas,2025-10-22T17:10:39.139Z,2025-10-22T17:14:04.790Z,2025-10-24T12:35:48.004Z,v3.0.0,Unknown commit hash,cat,1.0
10,7be8425e-a3ba-4d37-a9c9-14ea20de21cb,qlYrXp5pWY,power,0.4670854632937687,0.3663439176040628,896.8,684.35,cmh291q1v002vsa27a241pgye,7be8425e-a3ba-4d37-a9c9-14ea20de21cb,Anonymous Participant,cmh291q1v002vsa27a241pgye,FSDS_ConceptMap_v01.netcanvas,2025-10-22T17:10:39.139Z,2025-10-22T17:14:04.790Z,2025-10-24T12:35:48.004Z,v3.0.0,Unknown commit hash,cat,1.0
11,7be8425e-a3ba-4d37-a9c9-14ea20de21cb,RtJiUdZJi6,empirical data,0.4782978670153858,0.6837771132944136,918.33,341.52,cmh291q1v002vsa27a241pgye,7be8425e-a3ba-4d37-a9c9-14ea20de21cb,Anonymous Participant,cmh291q1v002vsa27a241pgye,FSDS_ConceptMap_v01.netcanvas,2025-10-22T17:10:39.139Z,2025-10-22T17:14:04.790Z,2025-10-24T12:35:48.004Z,v3.0.0,Unknown commit hash,cat,0.0
12,7be8425e-a3ba-4d37-a9c9-14ea20de21cb,WGBnkFwIuN,theory,0.5888201322713251,0.3602686411315202,1130.53,690.91,cmh291q1v002vsa27a241pgye,7be8425e-a3ba-4d37-a9c9-14ea20de21cb,Anonymous Participant,cmh291q1v002vsa27a241pgye,FSDS_ConceptMap_v01.netcanvas,2025-10-22T17:10:39.139Z,2025-10-22T17:14:04.790Z,2025-10-24T12:35:48.004Z,v3.0.0,Unknown commit hash,cat,0.0
1,7be8425e-a3ba-4d37-a9c9-14ea20de21cb,ZuysvCGddv,AI,0.4180519710902942,0.6916026020106446,802.66,333.07,cmh20nti10021sa2781v0n7gr,7be8425e-a3ba-4d37-a9c9-14ea20de21cb,Anonymous Participant,cmh20nti10021sa2781v0n7gr,FSDS_ConceptMap_v01.netcanvas,2025-10-22T13:15:53.497Z,2025-10-22T13:20:13.097Z,2025-10-24T12:36:28.564Z,v3.0.0,Unknown commit hash,cat,1.0
2,7be8425e-a3ba-4d37-a9c9-14ea20de21cb,fWLVVobTqz,culture,0.5608837717666851,0.6064458900059136,1076.9,425.04,cmh20nti10021sa2781v0n7gr,7be8425e-a3ba-4d37-a9c9-14ea20de21cb,Anonymous Participant,cmh20nti10021sa2781v0n7gr,FSDS_ConceptMap_v01.netcanvas,2025-10-22T13:15:53.497Z,2025-10-22T13:20:13.097Z,2025-10-24T12:36:28.564Z,v3.0.0,Unknown commit hash,cat,1.0
3,7be8425e-a3ba-4d37-a9c9-14ea20de21cb,kojNKla2jv,context,0.5879851903565645,0.5023654642223536,1128.93,537.45,cmh20nti10021sa2781v0n7gr,7be8425e-a3ba-4d37-a9c9-14ea20de21cb,Anonymous Participant,cmh20nti10021sa2781v0n7gr,FSDS_ConceptMap_v01.netcanvas,2025-10-22T13:15:53.497Z,2025-10-22T13:20:13.097Z,2025-10-24T12:36:28.564Z,v3.0.0,Unknown commit hash,cat,1.0
4,7be8425e-a3ba-4d37-a9c9-14ea20de21cb,zfLP4gy4BA,analysis,0.4180519710902942,0.4562389118864577,802.66,587.26,cmh20nti10021sa2781v0n7gr,7be8425e-a3ba-4d37-a9c9-14ea20de21cb,Anonymous Participant,cmh20nti10021sa2781v0n7gr,FSDS_ConceptMap_v01.netcanvas,2025-10-22T13:15:53.497Z,2025-10-22T13:20:13.097Z,2025-10-24T12:36:28.564Z,v3.0.0,Unknown commit hash,cat,1.0
5,7be8425e-a3ba-4d37-a9c9-14ea20de21cb,KaMS6JqOHq,ethics,0.3133086505942742,0.5484920165582495,601.55,487.63,cmh20nti10021sa2781v0n7gr,7be8425e-a3ba-4d37-a9c9-14ea20de21cb,Anonymous Participant,cmh20nti10021sa2781v0n7gr,FSDS_ConceptMap_v01.netcanvas,2025-10-22T13:15:53.497Z,2025-10-22T13:20:13.097Z,2025-10-24T12:36:28.564Z,v3.0.0,Unknown commit hash,cat,1.0
6,7be8425e-a3ba-4d37-a9c9-14ea20de21cb,8JFsJYcFYb,identity,0.4781145744516483,0.3143110585452395,917.98,740.54,cmh20nti10021sa2781v0n7gr,7be8425e-a3ba-4d37-a9c9-14ea20de21cb,Anonymous Participant,cmh20nti10021sa2781v0n7gr,FSDS_ConceptMap_v01.netcanvas,2025-10-22T13:15:53.497Z,2025-10-22T13:20:13.097Z,2025-10-24T12:36:28.564Z,v3.0.0,Unknown commit hash,cat,0.0
7,7be8425e-a3ba-4d37-a9c9-14ea20de21cb,xB0NLvIg6i,individual,0.5000886976326315,0.3923713778829095,960.17,656.24,cmh20nti10021sa2781v0n7gr,7be8425e-a3ba-4d37-a9c9-14ea20de21cb,Anonymous Participant,cmh20nti10021sa2781v0n7gr,FSDS_ConceptMap_v01.netcanvas,2025-10-22T13:15:53.497Z,2025-10-22T13:20:13.097Z,2025-10-24T12:36:28.564Z,v3.0.0,Unknown commit hash,cat,1.0
8,7be8425e-a3ba-4d37-a9c9-14ea20de21cb,FXe1ucLJSr,perspective,0.3792310201372238,0.3710821998817268,728.12,679.23,cmh20nti10021sa2781v0n7gr,7be8425e-a3ba-4d37-a9c9-14ea20de21cb,Anonymous Participant,cmh20nti10021sa2781v0n7gr,FSDS_ConceptMap_v01.netcanvas,2025-10-22T13:15:53.497Z,2025-10-22T13:20:13.097Z,2025-10-24T12:36:28.564Z,v3.0.0,Unknown commit hash,cat,1.0
9,7be8425e-a3ba-4d37-a9c9-14ea20de21cb,OruxeroRhC,structure,0.308181355185378,0.4325842696629214,591.71,612.81,cmh20nti10021sa2781v0n7gr,7be8425e-a3ba-4d37-a9c9-14ea20de21cb,Anonymous Participant,cmh20nti10021sa2781v0n7gr,FSDS_ConceptMap_v01.netcanvas,2025-10-22T13:15:53.497Z,2025-10-22T13:20:13.097Z,2025-10-24T12:36:28.564Z,v3.0.0,Unknown commit hash,cat,1.0
10,7be8425e-a3ba-4d37-a9c9-14ea20de21cb,WGBnkFwIuN,theory,0.6473153229452192,0.44795978710822,1242.85,596.2,cmh20nti10021sa2781v0n7gr,7be8425e-a3ba-4d37-a9c9-14ea20de21cb,Anonymous Participant,cmh20nti10021sa2781v0n7gr,FSDS_ConceptMap_v01.netcanvas,2025-10-22T13:15:53.497Z,2025-10-22T13:20:13.097Z,2025-10-24T12:36:28.564Z,v3.0.0,Unknown commit hash,cat,1.0
11,7be8425e-a3ba-4d37-a9c9-14ea20de21cb,YfjJV5hkMD,truth,0.6275386120823343,0.5733293908929628,1204.87,460.8,cmh20nti10021sa2781v0n7gr,7be8425e-a3ba-4d37-a9c9-14ea20de21cb,Anonymous Participant,cmh20nti10021sa2781v0n7gr,FSDS_ConceptMap_v01.netcanvas,2025-10-22T13:15:53.497Z,2025-10-22T13:20:13.097Z,2025-10-24T12:36:28.564Z,v3.0.0,Unknown commit hash,cat,1.0
12,7be8425e-a3ba-4d37-a9c9-14ea20de21cb,l5ng7z2jql,user experience,0.4114597341359992,0.1747486694263749,790.0,891.27,cmh20nti10021sa2781v0n7gr,7be8425e-a3ba-4d37-a9c9-14ea20de21cb,Anonymous Participant,cmh20nti10021sa2781v0n7gr,FSDS_ConceptMap_v01.netcanvas,2025-10-22T13:15:53.497Z,2025-10-22T13:20:13.097Z,2025-10-24T12:36:28.564Z,v3.0.0,Unknown commit hash,cat,1.0
1,7be8425e-a3ba-4d37-a9c9-14ea20de21cb,ZuysvCGddv,AI,0.4727960309886371,0.5589396931490203,907.77,476.35,cmh205bqc001qsa273cbrl5cg,7be8425e-a3ba-4d37-a9c9-14ea20de21cb,Anonymous Participant,cmh205bqc001qsa273cbrl5cg,FSDS_ConceptMap_v01.netcanvas,2025-10-22T13:01:30.660Z,2025-10-22T13:04:06.552Z,2025-10-24T12:36:28.563Z,v3.0.0,Unknown commit hash,Gem,1.0
2,7be8425e-a3ba-4d37-a9c9-14ea20de21cb,RtJiUdZJi6,empirical data,0.5471497922433568,0.5054686313231049,1050.53,534.09,cmh205bqc001qsa273cbrl5cg,7be8425e-a3ba-4d37-a9c9-14ea20de21cb,Anonymous Participant,cmh205bqc001qsa273cbrl5cg,FSDS_ConceptMap_v01.netcanvas,2025-10-22T13:01:30.660Z,2025-10-22T13:04:06.552Z,2025-10-24T12:36:28.563Z,v3.0.0,Unknown commit hash,Gem,1.0
3,7be8425e-a3ba-4d37-a9c9-14ea20de21cb,WAhTMmxJoA,knowledge,0.4257558963172838,0.4592890779279963,817.45,583.97,cmh205bqc001qsa273cbrl5cg,7be8425e-a3ba-4d37-a9c9-14ea20de21cb,Anonymous Participant,cmh205bqc001qsa273cbrl5cg,FSDS_ConceptMap_v01.netcanvas,2025-10-22T13:01:30.660Z,2025-10-22T13:04:06.552Z,2025-10-24T12:36:28.563Z,v3.0.0,Unknown commit hash,Gem,1.0
4,7be8425e-a3ba-4d37-a9c9-14ea20de21cb,acTsAWfdzn,optimisation,0.5797744017734889,0.7497341637551268,1113.17,270.29,cmh205bqc001qsa273cbrl5cg,7be8425e-a3ba-4d37-a9c9-14ea20de21cb,Anonymous Participant,cmh205bqc001qsa273cbrl5cg,FSDS_ConceptMap_v01.netcanvas,2025-10-22T13:01:30.660Z,2025-10-22T13:04:06.552Z,2025-10-24T12:36:28.563Z,v3.0.0,Unknown commit hash,Gem,0.0
5,7be8425e-a3ba-4d37-a9c9-14ea20de21cb,N7PLUDZOj9,policy,0.5721872832781094,0.622132766216011,1098.6,408.1,cmh205bqc001qsa273cbrl5cg,7be8425e-a3ba-4d37-a9c9-14ea20de21cb,Anonymous Participant,cmh205bqc001qsa273cbrl5cg,FSDS_ConceptMap_v01.netcanvas,2025-10-22T13:01:30.660Z,2025-10-22T13:04:06.552Z,2025-10-24T12:36:28.563Z,v3.0.0,Unknown commit hash,Gem,0.0
6,7be8425e-a3ba-4d37-a9c9-14ea20de21cb,vXCsxVu5lG,privacy,0.6617152815235883,0.661020811180313,1270.49,366.1,cmh205bqc001qsa273cbrl5cg,7be8425e-a3ba-4d37-a9c9-14ea20de21cb,Anonymous Participant,cmh205bqc001qsa273cbrl5cg,FSDS_ConceptMap_v01.netcanvas,2025-10-22T13:01:30.660Z,2025-10-22T13:04:06.552Z,2025-10-24T12:36:28.563Z,v3.0.0,Unknown commit hash,Gem,0.0
7,7be8425e-a3ba-4d37-a9c9-14ea20de21cb,ndsons1JEx,social networks,0.4773483020858648,0.6926173477138083,916.51,331.97,cmh205bqc001qsa273cbrl5cg,7be8425e-a3ba-4d37-a9c9-14ea20de21cb,Anonymous Participant,cmh205bqc001qsa273cbrl5cg,FSDS_ConceptMap_v01.netcanvas,2025-10-22T13:01:30.660Z,2025-10-22T13:04:06.552Z,2025-10-24T12:36:28.563Z,v3.0.0,Unknown commit hash,Gem,0.0
8,7be8425e-a3ba-4d37-a9c9-14ea20de21cb,OruxeroRhC,structure,0.3764396260973166,0.6257785204314142,722.76,404.16,cmh205bqc001qsa273cbrl5cg,7be8425e-a3ba-4d37-a9c9-14ea20de21cb,Anonymous Participant,cmh205bqc001qsa273cbrl5cg,FSDS_ConceptMap_v01.netcanvas,2025-10-22T13:01:30.660Z,2025-10-22T13:04:06.552Z,2025-10-24T12:36:28.563Z,v3.0.0,Unknown commit hash,Gem,0.0
9,7be8425e-a3ba-4d37-a9c9-14ea20de21cb,m3bCphZ8J2,technology,0.5114903353150729,0.4033875132918122,982.06,644.34,cmh205bqc001qsa273cbrl5cg,7be8425e-a3ba-4d37-a9c9-14ea20de21cb,Anonymous Participant,cmh205bqc001qsa273cbrl5cg,FSDS_ConceptMap_v01.netcanvas,2025-10-22T13:01:30.660Z,2025-10-22T13:04:06.552Z,2025-10-24T12:36:28.563Z,v3.0.0,Unknown commit hash,Gem,1.0
10,7be8425e-a3ba-4d37-a9c9-14ea20de21cb,YfjJV5hkMD,truth,0.3582305417084057,0.5115448883487772,687.8,527.53,cmh205bqc001qsa273cbrl5cg,7be8425e-a3ba-4d37-a9c9-14ea20de21cb,Anonymous Participant,cmh205bqc001qsa273cbrl5cg,FSDS_ConceptMap_v01.netcanvas,2025-10-22T13:01:30.660Z,2025-10-22T13:04:06.552Z,2025-10-24T12:36:28.563Z,v3.0.0,Unknown commit hash,Gem,1.0
11,7be8425e-a3ba-4d37-a9c9-14ea20de21cb,KaMS6JqOHq,ethics,0.4454824044052706,0.3608537141121069,855.33,690.28,cmh205bqc001qsa273cbrl5cg,7be8425e-a3ba-4d37-a9c9-14ea20de21cb,Anonymous Participant,cmh205bqc001qsa273cbrl5cg,FSDS_ConceptMap_v01.netcanvas,2025-10-22T13:01:30.660Z,2025-10-22T13:04:06.552Z,2025-10-24T12:36:28.563Z,v3.0.0,Unknown commit hash,Gem,0.0
1,7be8425e-a3ba-4d37-a9c9-14ea20de21cb,ZuysvCGddv,AI,0.3030463911009986,0.4847507331378299,581.85,556.47,cmh4n1pe9003gsa27d06mabf0,7be8425e-a3ba-4d37-a9c9-14ea20de21cb,Anonymous Participant,cmh4n1pe9003gsa27d06mabf0,FSDS_ConceptMap_v01.netcanvas,2025-10-24T09:18:05.257Z,2025-10-24T09:22:43.127Z,2025-10-24T12:35:48.005Z,v3.0.0,Unknown commit hash,cookie,0.0
2,7be8425e-a3ba-4d37-a9c9-14ea20de21cb,bihlMPLDwN,community,0.6056124383769435,0.4870967741935484,1162.78,553.94,cmh4n1pe9003gsa27d06mabf0,7be8425e-a3ba-4d37-a9c9-14ea20de21cb,Anonymous Participant,cmh4n1pe9003gsa27d06mabf0,FSDS_ConceptMap_v01.netcanvas,2025-10-24T09:18:05.257Z,2025-10-24T09:22:43.127Z,2025-10-24T12:35:48.005Z,v3.0.0,Unknown commit hash,cookie,0.0
3,7be8425e-a3ba-4d37-a9c9-14ea20de21cb,kojNKla2jv,context,0.5570724307925673,0.356891495601173,1069.58,694.56,cmh4n1pe9003gsa27d06mabf0,7be8425e-a3ba-4d37-a9c9-14ea20de21cb,Anonymous Participant,cmh4n1pe9003gsa27d06mabf0,FSDS_ConceptMap_v01.netcanvas,2025-10-24T09:18:05.257Z,2025-10-24T09:22:43.127Z,2025-10-24T12:35:48.005Z,v3.0.0,Unknown commit hash,cookie,0.0
4,7be8425e-a3ba-4d37-a9c9-14ea20de21cb,S941vbbT0r,design,0.535229427379598,0.4483870967741935,1027.64,595.74,cmh4n1pe9003gsa27d06mabf0,7be8425e-a3ba-4d37-a9c9-14ea20de21cb,Anonymous Participant,cmh4n1pe9003gsa27d06mabf0,FSDS_ConceptMap_v01.netcanvas,2025-10-24T09:18:05.257Z,2025-10-24T09:22:43.127Z,2025-10-24T12:35:48.005Z,v3.0.0,Unknown commit hash,cookie,0.0
5,7be8425e-a3ba-4d37-a9c9-14ea20de21cb,WAhTMmxJoA,knowledge,0.3062823916066237,0.5950146627565982,588.06,437.38,cmh4n1pe9003gsa27d06mabf0,7be8425e-a3ba-4d37-a9c9-14ea20de21cb,Anonymous Participant,cmh4n1pe9003gsa27d06mabf0,FSDS_ConceptMap_v01.netcanvas,2025-10-24T09:18:05.257Z,2025-10-24T09:22:43.127Z,2025-10-24T12:35:48.005Z,v3.0.0,Unknown commit hash,cookie,0.0
6,7be8425e-a3ba-4d37-a9c9-14ea20de21cb,WZuDbuOSgL,macro-micro,0.472127417519909,0.6278592375366568,906.48,401.91,cmh4n1pe9003gsa27d06mabf0,7be8425e-a3ba-4d37-a9c9-14ea20de21cb,Anonymous Participant,cmh4n1pe9003gsa27d06mabf0,FSDS_ConceptMap_v01.netcanvas,2025-10-24T09:18:05.257Z,2025-10-24T09:22:43.127Z,2025-10-24T12:35:48.005Z,v3.0.0,Unknown commit hash,cookie,1.0
7,7be8425e-a3ba-4d37-a9c9-14ea20de21cb,l5ng7z2jql,user experience,0.633927442801163,0.3111436950146628,1217.14,743.96,cmh4n1pe9003gsa27d06mabf0,7be8425e-a3ba-4d37-a9c9-14ea20de21cb,Anonymous Participant,cmh4n1pe9003gsa27d06mabf0,FSDS_ConceptMap_v01.netcanvas,2025-10-24T09:18:05.257Z,2025-10-24T09:22:43.127Z,2025-10-24T12:35:48.005Z,v3.0.0,Unknown commit hash,cookie,0.0
8,7be8425e-a3ba-4d37-a9c9-14ea20de21cb,ndsons1JEx,social networks,0.6735684489950702,0.5809384164222874,1293.25,452.59,cmh4n1pe9003gsa27d06mabf0,7be8425e-a3ba-4d37-a9c9-14ea20de21cb,Anonymous Participant,cmh4n1pe9003gsa27d06mabf0,FSDS_ConceptMap_v01.netcanvas,2025-10-24T09:18:05.257Z,2025-10-24T09:22:43.127Z,2025-10-24T12:35:48.005Z,v3.0.0,Unknown commit hash,cookie,0.0
9,7be8425e-a3ba-4d37-a9c9-14ea20de21cb,uBiRoP3A3s,progress,0.379092402983188,0.5328445747800586,727.86,504.53,cmh4n1pe9003gsa27d06mabf0,7be8425e-a3ba-4d37-a9c9-14ea20de21cb,Anonymous Participant,cmh4n1pe9003gsa27d06mabf0,FSDS_ConceptMap_v01.netcanvas,2025-10-24T09:18:05.257Z,2025-10-24T09:22:43.127Z,2025-10-24T12:35:48.005Z,v3.0.0,Unknown commit hash,cookie,0.0
10,7be8425e-a3ba-4d37-a9c9-14ea20de21cb,qlYrXp5pWY,power,0.5247124257363165,0.682991202346041,1007.45,342.37,cmh4n1pe9003gsa27d06mabf0,7be8425e-a3ba-4d37-a9c9-14ea20de21cb,Anonymous Participant,cmh4n1pe9003gsa27d06mabf0,FSDS_ConceptMap_v01.netcanvas,2025-10-24T09:18:05.257Z,2025-10-24T09:22:43.127Z,2025-10-24T12:35:48.005Z,v3.0.0,Unknown commit hash,cookie,1.0
11,7be8425e-a3ba-4d37-a9c9-14ea20de21cb,FXe1ucLJSr,perspective,0.4349134117052206,0.406158357771261,835.03,641.35,cmh4n1pe9003gsa27d06mabf0,7be8425e-a3ba-4d37-a9c9-14ea20de21cb,Anonymous Participant,cmh4n1pe9003gsa27d06mabf0,FSDS_ConceptMap_v01.netcanvas,2025-10-24T09:18:05.257Z,2025-10-24T09:22:43.127Z,2025-10-24T12:35:48.005Z,v3.0.0,Unknown commit hash,cookie,0.0
12,7be8425e-a3ba-4d37-a9c9-14ea20de21cb,acTsAWfdzn,optimisation,0.5878144355960055,0.2325513196480938,1128.6,828.84,cmh4n1pe9003gsa27d06mabf0,7be8425e-a3ba-4d37-a9c9-14ea20de21cb,Anonymous Participant,cmh4n1pe9003gsa27d06mabf0,FSDS_ConceptMap_v01.netcanvas,2025-10-24T09:18:05.257Z,2025-10-24T09:22:43.127Z,2025-10-24T12:35:48.005Z,v3.0.0,Unknown commit hash,cookie,0.0
